"Finished","ID","SolarEnergy_1_1","SolarEnergy_2_1","HCost_1_1","HCost_2_1","CompSpend_1_1","CompSpend_2_1","CompSpend_3_1","MATH_1_1","MATH_2_1","LossAgr_1_1","LossAgr_2_1","LossAgr_3_1","AvgTemp_1_1","AvgTemp_2_1","AvgTemp_3_1","Extinction_Total_4","Extinction_AI_4","GCR_Total_4","GCR_AI_4","Extinction_Totalhalf_4","Extinction_AIhalf_4","GCR_Totalhalf_4","GCR_AIhalf_4","ExtinctionTotal_conf","ExtinctionAI_conf","GCR_Total_conf","GCR_AI_conf","ExtTotalHalf_conf","ExtAIhalf_conf","GCR_Totalhalf_conf","GCR_AIhalf_conf"
"True","P4dMaH8wQnr",0.9,0.5,5,2,2e+08,3e+08,6e+07,30,85,1,2,10,1,1.8,3,NA,NA,NA,NA,1e+09,2e+09,5e+08,1e+09,"","","","","Yes","Yes","Yes","Yes"
"True","PU7t4ACvZYH",77,95,1.3,1.9,13600,16000,30000,15,40,5,10,20,1.5,2.8,5.5,NA,NA,NA,NA,1700,30000,1500,600,"","","","","Yes","Yes","Yes","Yes"
"True","PigYLRnvHTn",0.19,0.13,2,1,44000,50000,60000,30,50,0,10,10,1.4,1.5,1.5,2e+08,500,10,2,NA,NA,NA,NA,"Yes","Yes","Yes","Yes","","","",""
"True","Pzvnj39pW56",0.06,0.01,1.5,0.7,6e+08,8.25e+08,1.2e+09,86,92,12,27,39,1.3,1.8,2.5,NA,NA,NA,NA,100,250,7,30,"","","","","Yes","Yes","Yes","Yes"
"True","PiouKOyTKKH",0.06,0.03,4,2,160000,250000,5e+05,8,13,2,5,8,1,3,8,NA,NA,NA,NA,5000,6000,2000,1000,"","","","","Yes","Yes","Yes","Yes"
"True","PpQ3yGUCPuz",0.04,0.02,1,0.5,125,140,160,80,95,0,0,0,1.5,2.5,3.5,10,5,1000,500,NA,NA,NA,NA,"Yes","Yes","Yes","Yes","","","",""
"True","P5KxuczwJ2W",7,4,5,2,209600,335360,670400,30,70,1,2,4,1,0.8,0.6,1.2e+07,1.5e+08,1e+05,1e+06,NA,NA,NA,NA,"Yes","Yes","Yes","Yes","","","",""
"True","PCP7NaBnElC",8,5,1.5,1.3,2e+05,6e+05,5e+06,30,80,30,50,75,1.5,2.2,3.1,1000,1e+05,80,300,NA,NA,NA,NA,"Yes","Yes","Yes","Yes","","","",""
"True","Po5CxPV0lMx",0.7,0.5,7,5,130000,145000,175000,25,58,0,1,5,2,4,5,NA,NA,NA,NA,9e+07,9e+06,5e+06,8e+07,"","","","","Yes","Yes","Yes","Yes"
"True","PcyS1uH6T3M",0.78,0.6,5,2.4,2e+05,275000,550000,25,70,1,5,15,1.5,1.3,1,NA,NA,NA,NA,1e+06,5e+05,10000,1e+05,"","","","","Yes","Yes","Yes","Yes"
"True","PW6MZDSGgUt",8,5,1.5,1,110000,170000,3e+05,30,60,20,30,50,1,1.5,2,1e+08,2e+07,1e+06,1e+06,NA,NA,NA,NA,"Yes","Yes","Yes","Yes","","","",""
"True","PRE0hJWOCua",0.8,0.6,1.6,1.4,2.3e+07,2e+07,1.5e+07,7,8,0,0,0,1,0.8,0,NA,NA,NA,NA,12000,25000,1100,200,"","","","","Yes","Yes","Yes","Yes"
"True","Pi3GS2ktt2H",3,10,24,50,25000,3e+05,40000,12,45,65,60,50,1.6,1.2,1,NA,NA,NA,NA,1,2,1,2,"","","","","Yes","Yes","Yes","Yes"
"True","P6YGuuP1Tjg",7,4,4,1,2e+08,2.4e+08,3e+08,6.7,70,0.5,1,2,0.01,0.1,0.5,7e+08,6.7e+08,2e+08,4e+08,NA,NA,NA,NA,"Yes","Yes","Yes","Yes","","","",""
"True","PnLaYYNfwRf",2.67,2.61,50,5,180,250,1e+06,6.9,50,5,10,25,2.5,3,4,10,2,2,2,NA,NA,NA,NA,"Yes","Yes","Yes","Yes","","","",""
"True","PMwPHSHdDSj",0.05,0.03,6,2,6e+08,6.5e+08,8e+08,9,15,0.1,0.3,0.3,1.5,2,2,1e+08,1e+08,5e+07,1e+08,NA,NA,NA,NA,"Yes","Yes","Yes","Yes","","","",""
"True","PXqGWSxUXUO",NA,NA,5,2,2.5e+11,5e+11,3e+12,40,95,0,0.1,0.1,2,2,1,NA,NA,NA,NA,2048,2048,216,216,"","","","","Yes","Yes","Yes","Yes"
"True","PWPJ4iAOo4L",7,5,2,1.3,1.5e+11,2e+11,4e+11,30,90,1,3.5,5.9,1.8,2.5,3.2,5e+07,7e+07,1e+07,1e+06,NA,NA,NA,NA,"Yes","Yes","Yes","Yes","","","",""
"True","P77wpEGVPzD",0.06,0.05,2.5,2,3.6e+07,4.8e+07,6.5e+07,30,80,0.01,0.05,0.1,1.2,1.3,1.4,NA,NA,NA,NA,10000,7000,1500,1000,"","","","","Yes","Yes","Yes","Yes"
"True","PcKcSuYZSFL",0.08,0.04,4,2,5e+11,7.5e+11,1e+12,45,60,5,10,15,1,-1,-2,100,1000,20,100,NA,NA,NA,NA,"Yes","Yes","Yes","Yes","","","",""
"True","PzdvCnLVur5",0.76,0.5,2.5,1.75,28000,32000,40000,50,80,NA,NA,NA,1,1.2,1.4,1e+08,5e+08,1.5e+08,5e+08,NA,NA,NA,NA,"Yes","Yes","Yes","Yes","","","",""
"True","P1B7umIbdbx",5,3,3.5,2.2,8.8e+11,1.5e+12,3.5e+12,0.8,0.9,15,30,60,1.2,2.2,3,NA,NA,NA,NA,30,99,200,60,"","","","","Yes","Yes","Yes","Yes"
"True","PoMwyaBZi1n",0.77,0.63,7.8,3,140000,220000,120000,22,67,30,70,100,60,65,70,NA,NA,NA,NA,1e+06,5e+05,1e+07,5000,"","","","","Yes","Yes","Yes","Yes"
"True","PI1ighZQeKQ",24,29,3,10,2e+08,1e+07,1e+08,7,9,5,20,40,38,43,47,1e+08,5e+09,5.5e+07,4e+07,NA,NA,NA,NA,"Yes","Yes","Yes","Yes","","","",""
"True","P6vIkmYbNfo",0.9,0.06,3.5,1.5,2.5e+08,5e+08,7.5e+08,30,60,10,12,15,1.5,2,3,1e+08,7.5e+07,8.5e+07,1e+08,NA,NA,NA,NA,"Yes","Yes","Yes","Yes","","","",""
"True","PcwIEA0Nm2k",5,4,5,5,200,250,400,87,92,1e-04,1e-04,0.001,1.5,2,1,1e+12,1e+13,1e+11,1e+12,NA,NA,NA,NA,"Yes","Yes","Yes","Yes","","","",""
"True","PPLUtBt5R4w",0.05,0.01,5,1.2,1.4e+08,2e+08,8e+08,28,95,1,2,10,0.5,1.8,3,1e+09,1e+08,1e+07,1e+07,NA,NA,NA,NA,"Yes","Yes","Yes","Yes","","","",""
"True","PonW3lOpcCy",6,3,1,0.2,1e+12,3e+12,7e+12,30,70,10,50,60,1.8,2.8,2.9,1e+07,10000,1e+05,2500,NA,NA,NA,NA,"Yes","Yes","Yes","Yes","","","",""
"True","PkvFNcYsGZd",0.05,0.03,1.6,1.3,140000,160000,250000,30,55,0,0,0,1.06,2.22,3.5,NA,NA,NA,NA,1e+07,1e+05,1e+05,1e+06,"","","","","Yes","Yes","Yes","Yes"
"True","P6xm9gAv351",0.6,0.3,5,3,140000,150000,180000,30,50,0,5,20,2.6,3,3,NA,NA,NA,NA,20000,50000,3000,6000,"","","","","Yes","Yes","Yes","Yes"
"True","PmE2U3HDzSV",0.04,0.03,NA,NA,5e+07,5.2e+07,5.3e+07,90,100,0,1,5,1.5,2,4,NA,NA,NA,NA,26,2048,2048,2048,"","","","","Yes","Yes","Yes","Yes"
"True","PjOMncdM9Cy",0.03,0.015,5,2,2.5e+11,5e+11,2e+12,35,90,1e-04,0.05,0.1,0.25,0.8,1.1,5e+08,8e+08,9e+08,5e+08,NA,NA,NA,NA,"Yes","Yes","Yes","Yes","","","",""
"True","PZ6cUL9OoB2",0.038,0.03,2.1,1.1,1e+12,2e+13,5e+13,98,100,0.01,3,20,1.6,2.4,2,NA,NA,NA,NA,210,370,97,70,"","","","","Yes","Yes","Yes","Yes"
"True","PIhwuBSzSNx",0.97,0.77,3,1,7e+11,1e+12,2e+12,87.7,97.5,0.1,0.5,3,1.5,2,4,1e+07,1e+07,2500,10000,NA,NA,NA,NA,"Yes","Yes","Yes","Yes","","","",""
"True","PL0SkuvXK2f",4,3.5,4,2.5,151000,168000,250000,18,25,1,2,5,15.2,16.6,18.1,80000,110000,50000,1e+05,NA,NA,NA,NA,"Yes","Yes","Yes","Yes","","","",""
"True","P5bFL6MscPG",0.05,0.03,3,1.5,2e+11,5e+11,2e+12,80,95,2,10,20,1.2,1.5,1.5,NA,NA,NA,NA,20,80,10,50,"","","","","Yes","Yes","Yes","Yes"
"True","Pv2PJIDmzbi",0.9,1,NA,NA,247557,299697,359642,35,75,10,15,30,20,25,35,9.9e+07,5e+07,9e+08,1e+06,NA,NA,NA,NA,"Yes","Yes","Yes","Yes","","","",""
"True","PYETbTdBjKd",5,3,3,2,2e+09,3e+09,0,30,50,10,30,70,3,4,6,5,7,10,20,NA,NA,NA,NA,"Yes","Yes","Yes","Yes","","","",""
"True","Pac3iLqteOA",0.05,0.03,4.5,2,4e+09,1.4e+10,6.2e+10,30,95,15,30,65,1.4,1.8,2.5,NA,NA,NA,NA,20,30,4,12,"","","","","Yes","Yes","Yes","Yes"
"True","PLXpD9Cbh9n",25000,20000,10,25,5.7e+10,7e+10,1e+11,20,30,20,55,80,2.5,5.9,15.5,NA,NA,NA,NA,9e+09,9e+08,20,50000,"","","","","Yes","Yes","Yes","Yes"
"True","P3JtuLZxHUt",0.05,0.03,3,1,1.4e+11,2e+11,6e+11,50,89,0.01,1,5,1.5,1.7,1.8,NA,NA,NA,NA,5000,9000,400,1000,"","","","","Yes","Yes","Yes","Yes"
"True","PlwyHQCC0tO",0.05,0.03,1.3,1,2.64e+11,9e+11,1.5e+12,30,40,0,0,1,1.25,1.3,1.7,250000,5e+05,250000,250000,NA,NA,NA,NA,"Yes","Yes","Yes","Yes","","","",""
"True","PezBnBVZmzw",90,85,4,2,150000,175000,2e+05,25,35,10,5,0,0.5,1,2,NA,NA,NA,NA,5000,7500,500,1500,"","","","","Yes","Yes","Yes","Yes"
"True","PJeAERAbOPF",0.06,0.03,5,3,210000,270000,6e+05,14,35,1,5,9,2,2.5,3.5,1e+12,2e+12,1e+10,5e+09,NA,NA,NA,NA,"Yes","Yes","Yes","Yes","","","",""
"True","Pc79rcojNV0",6,3,5,1,1808,2500,5000,30,90,10,30,40,0.7,0.7,0.86,1.5e+07,1.5e+07,3e+05,1e+06,NA,NA,NA,NA,"Yes","Yes","Yes","Yes","","","",""
"True","PrW9ghLEuh5",0.45,0.07,4,1.6,1.35e+10,5e+10,2e+12,78,89,5,25,45,1.5,1.8,2.3,NA,NA,NA,NA,7500,1000,1e+05,10000,"","","","","Yes","Yes","Yes","Yes"
"True","PzO59nrjL0b",0.05,0.03,3,1.2,2.5e+08,5e+08,9.8e+08,29,50,0,0,0,1.5,2,2.2,NA,NA,NA,NA,1200000,1500000,1e+06,1000100,"","","","","Yes","Yes","Yes","Yes"
"True","PSPwV4t9jvx",2,3,3,7,125000,150000,2e+05,30,60,1,1,1,20,23,28,NA,NA,NA,NA,80,200,20,100,"","","","","Yes","Yes","Yes","Yes"
"True","PhUdns6O9Fp",6.3,4,3.5,1.3,3e+08,4e+08,5e+08,30,80,0,0,0,1.5,1.65,1.8,1e+14,1e+11,1e+11,1e+11,NA,NA,NA,NA,"Yes","Yes","Yes","Yes","","","",""
"True","PrkDZuA2BNZ",10,1,5,2,50,100,200,50,85,20,20,20,2,5,8,NA,NA,NA,NA,1e+06,50000,500,50000,"","","","","Yes","Yes","Yes","Yes"
"True","PjxXbkg074N",0.03,0.0015,5,1.3,260000,520000,1e+06,30,70,3,10,25,1.8,2,1.9,NA,NA,NA,NA,2000,1000,30,300,"","","","","Yes","Yes","Yes","Yes"
"True","P3yLqxiSTDi",0.1,0.5,10,100,1.5e+11,1e+14,1e+19,10,20,0,0,0,1,1,0,1e+07,1e+08,2e+07,2e+07,NA,NA,NA,NA,"Yes","Yes","Yes","Yes","","","",""
"True","PAjCm42lW9X",0.97,0.85,7,1,2e+05,1e+09,5e+09,20,75,10,20,40,1,2,2,1.5e+07,1e+06,1000,5e+05,NA,NA,NA,NA,"Yes","Yes","Yes","Yes","","","",""
"True","Pl3htoWWyJN",0.7,0.95,1.8,2,2.9,5,6.9,30,40,15,30,45,10,25,30,1e+12,5e+10,1e+10,2e+07,NA,NA,NA,NA,"Yes","Yes","Yes","Yes","","","",""
"True","PbOYlj3R74w",18000,15000,1.7,1.6,6e+11,5e+08,3e+08,42.5,55,10,0,0,0.32,0.15,0.01,NA,NA,NA,NA,1e+12,1e+12,1e+12,1e+12,"","","","","Yes","Yes","Yes","Yes"
"True","PhuEnQRJ1qi",0.02,0.01,5,3,250000,5e+05,650000,35,65,0,5,15,2,3.5,6,NA,NA,NA,NA,1e+10,1e+10,10000,1e+07,"","","","","Yes","Yes","Yes","Yes"
"True","PhYQIb4XzOA",0.06,0.04,2.9,1.3,140000,145000,2e+05,30,55,10,40,70,1,4,7,1.5e+07,1.5e+07,9e+06,1e+07,NA,NA,NA,NA,"Yes","Yes","Yes","Yes","","","",""
"True","PaLTmhWsVUB",0.05,0.04,1.5,1.25,3.82e+11,7.81e+11,3.34e+12,7,50,1e-05,1e-04,0.005,1.3,1.4,1.7,1e+09,1e+09,1e+06,1e+09,NA,NA,NA,NA,"Yes","Yes","Yes","Yes","","","",""
"True","P1EelDibiO2",0.78,0.56,2.5,1.5,1e+06,1e+08,1e+09,10,30,1,10,50,2,5,9,NA,NA,NA,NA,10,5,500,100,"","","","","Yes","Yes","Yes","Yes"
"True","PNMkqJmNyVy",5000,7000,24,53,1e+09,5e+09,1.56e+11,97,99,1,1,1,27,30,50,NA,NA,NA,NA,2048,2048,2048,2048,"","","","","Yes","Yes","Yes","Yes"
"True","PoXfHuaqm90",0.035,0.02,3,2,1.965e+10,1.95845e+11,293767500000,30,70,0,0,0.1,1,1.25,1.5,NA,NA,NA,NA,1e+08,5e+07,1e+06,5e+05,"","","","","Yes","Yes","Yes","Yes"
"True","PVosmGZv9pj",0.05,0.03,6,4,1.9e+11,2.1e+11,4.7e+11,78,97,1,2,4,1,1,1,NA,NA,NA,NA,10000,1e+07,5000,5e+05,"","","","","Yes","Yes","Yes","Yes"
"True","PgUt4xY0psJ",0.74,0.66,1.3,1,2e+05,2.2e+08,275000,30,65,10,15,20,23,25,29,NA,NA,NA,NA,3000,3900,1200,1000,"","","","","Yes","Yes","Yes","Yes"
"True","PpZm9xZSfXI",6,3,1,0.5,2e+05,3e+05,4e+05,89,99,0,0,0,1.5,2,2.5,NA,NA,NA,NA,1e+12,1e+12,1e+06,1e+06,"","","","","Yes","Yes","Yes","Yes"
"True","P2IFeZZ1U2L",0.82,0.65,4,1.5,1.8e+11,2.5e+11,5e+11,40,95,2,10,20,1.6,2.2,4,NA,NA,NA,NA,1e+06,1e+07,1000,10000,"","","","","Yes","Yes","Yes","Yes"
"True","PWBlD83IXzc",5.5,3,2.5,1.8,180000,220000,5e+05,10,20,0,1,1.5,0.06,0.2,1.5,1e+09,2e+09,1e+12,2e+12,NA,NA,NA,NA,"Yes","Yes","Yes","Yes","","","",""
"True","PyETKBMBZ9t",9,3,1.6,1.3,2e+05,250000,4e+05,21,50,2,20,50,1.9,2.1,2.5,1e+13,1e+14,1e+07,2e+11,NA,NA,NA,NA,"Yes","Yes","Yes","Yes","","","",""
"True","PAuUS3lBNMO",0.045,0.03,4,1.3,1e+11,3e+11,1e+12,20,90,0,0,0.5,3,3.9,6,2,1e+07,98,1.5e+07,NA,NA,NA,NA,"Yes","Yes","Yes","Yes","","","",""
"True","PJ3m9uFK9N5",0.025,0.005,2.75,1.25,3e+05,1e+06,1e+08,89,99.9,0,1,5,1.5,1.95,2.25,NA,NA,NA,NA,25,33,5,8,"","","","","Yes","Yes","Yes","Yes"
"True","PgMRRE5btZ4",0.03,9e-04,5,1.5,140000,190000,560,30,70,0,15,80,1.78,1.98,3,NA,NA,NA,NA,12,200,19,50,"","","","","Yes","Yes","Yes","Yes"
"True","PM7YCHjaQ6z",0.04,0.02,3,1.1,1.41e+08,2e+08,3.5e+08,20,35,0,1,1,2,2.5,2.7,1e+09,1e+09,1e+06,1e+06,NA,NA,NA,NA,"Yes","Yes","Yes","Yes","","","",""
"True","PcDodlXisuH",0.8,0.55,1.7,0.8,172000,245000,4e+05,88,98,0.01,0.02,0.05,1.5,2.5,4,1e+09,1e+10,1e+08,1e+09,NA,NA,NA,NA,"Yes","Yes","Yes","Yes","","","",""
"True","P4wC0IJi2II",1,0.2,5,1,1.23e+11,1e+12,1e+14,86,98,3,5,7,1.7,3.3,9,NA,NA,NA,NA,2000,6000,999,5000,"","","","","Yes","Yes","Yes","Yes"
"True","Pf4NRy23f5M",0.05,0.03,4,2,170000,2e+05,250000,8,10,0,0.5,1,1.9,2.2,0.75,5e+06,2e+07,250,2000,NA,NA,NA,NA,"Yes","Yes","Yes","Yes","","","",""
"True","PsSkpNiXB5x",0.05,0.035,2.2,1.6,1e+11,1.8e+11,2.7e+11,89,92,0.01,0.012,0.02,1.5,1.6,1.4,NA,NA,NA,NA,2e+07,3e+07,1.2e+07,2.5e+07,"","","","","Yes","Yes","Yes","Yes"
"True","P6yHFyeXeZy",0.4,0.2,7,3,2.25e+11,4.29e+11,9e+11,25,30,0,5,10,1.5,2,4,NA,NA,NA,NA,1e+15,1e+15,8e+08,1e+09,"","","","","Yes","Yes","Yes","Yes"
"True","P9fdI8ImO4g",0.08,0.04,5,3,1.5e+09,3e+09,3e+10,30,95,10,20,40,5,6,3,10,100,5,50,NA,NA,NA,NA,"Yes","Yes","Yes","Yes","","","",""
"True","P98IG8qbTIO",2e+06,4e+05,2e+05,1e+05,1e+06,3e+06,6700000,40,80,20,55,80,1.2,1.4,1.5,3000,1e+06,100,2e+05,NA,NA,NA,NA,"Yes","Yes","Yes","Yes","","","",""
"True","PYeb0elczXn",0.05,0.03,5,4,2e+08,3.25e+08,2e+09,86,90,0.25,0.5,1,1.3,1.9,1.5,2500,50000,300,1500,NA,NA,NA,NA,"Yes","Yes","Yes","Yes","","","",""
"True","PRlEc5osllQ",0.04,0.02,3,1.7,162505,213505,553505,16,24,5,26,48,2.76,3.15,3.68,2.5e+07,3.5e+07,1e+06,3e+06,NA,NA,NA,NA,"Yes","Yes","Yes","Yes","","","",""
"True","PY7HOlTvByM",4,12,10,25,1e+08,1e+10,1e+17,90,95,5,18,52,4,16,35,NA,NA,NA,NA,2048,216,2,216,"","","","","Yes","Yes","Yes","Yes"
"True","PZM580b9bs7",0.05,0.03,2.5,1,150000,175000,210000,30,80,0,0,0,1.2,1.5,2.4,NA,NA,NA,NA,1e+07,1e+08,1e+05,5e+05,"","","","","Yes","Yes","Yes","Yes"
"True","PdXrlvslrqe",0.04,0.02,5,2.6,1.5e+11,2.1e+11,4e+07,19,42,4,35,93,1.8,3.1,5.2,208,423,12,66,NA,NA,NA,NA,"Yes","Yes","Yes","Yes","","","",""
"True","PSsTvG5YCAS",4,0.02,1.8,1.5,5e+06,1e+07,1e+08,10,30,5,3,1,14.2,14.5,15,1e+05,1e+06,1000,10000,NA,NA,NA,NA,"Yes","Yes","Yes","Yes","","","",""
"True","P35TgXdm2Lz",0.05,0.02,7,3,2.5e+09,5e+09,4e+09,10,35,3,7,10,1.1,1.3,1.4,2e+07,1.5e+07,1500000,550000,NA,NA,NA,NA,"Yes","Yes","Yes","Yes","","","",""
"True","PUrGFh03PMg",0.045,0.03,5,2,2e+05,350000,1e+06,30,99,0,5,10,1.5,2,3,NA,NA,NA,NA,10000,25000,200,500,"","","","","Yes","Yes","Yes","Yes"
"True","PTwtfesYrHW",0.6,0.3,4,2.4,135000,140000,145000,86,92,1,3,10,1.1,1.4,1.7,1e+09,5e+07,1e+07,5e+05,NA,NA,NA,NA,"Yes","Yes","Yes","Yes","","","",""
"True","PigRGwrg4dh",6,3,1.3,1,1.25e+08,1.3e+08,1.5e+08,86,90,0.1,0.1,0.2,2,3,5,1.4e+07,1.5e+08,1.8e+07,2e+07,NA,NA,NA,NA,"Yes","Yes","Yes","Yes","","","",""
"True","PnZxB8WH0SC",0.05,0.03,2.5,1.5,150000,2e+05,240000,30,62,2,3,4,2,3,4,NA,NA,NA,NA,1e+31,1e+25,1e+12,1e+15,"","","","","Yes","Yes","Yes","Yes"
"True","PiBELvmz2z3",4,3,8,2.4,219734,307676,454246,30,94.08,0,0,0,1.36,1.7,2.55,NA,NA,NA,NA,8e+08,2e+09,1e+06,1e+09,"","","","","Yes","Yes","Yes","Yes"
"True","P2XK7zzVNHd",4,3,3.5,5,50000,57000,66000,30,35,30,39,45,2.5,2.9,3.4,2e+07,5e+07,1e+06,2e+07,NA,NA,NA,NA,"Yes","Yes","Yes","Yes","","","",""
"True","P95S2Bfl4FS",1,0.95,3,2,1.5e+11,2e+11,4e+11,85,88,0,0,20,1,1.1,1.25,1e+14,1e+20,1e+08,1e+11,NA,NA,NA,NA,"Yes","Yes","Yes","Yes","","","",""
"True","PN0pAUuAxIN",0.04,0.02,8,2,1e+09,1e+10,1e+11,30,60,0,0,0,1.5,1.5,2,NA,NA,NA,NA,3e+08,1e+28,3e+08,1e+25,"","","","","Yes","Yes","Yes","Yes"
"True","PymVYTYjHpk",0.56,0.45,1.56,2.45,236417,278524,410658,7.2,3.2,0,0,0,0.9,0.11,0.15,NA,NA,NA,NA,3000,2354,28,30,"","","","","Yes","Yes","Yes","Yes"
"True","PZ1ninjJMzo",0.04,0.03,2.8,1.3,176000,219734,366304,30,60,0,0,0,2,3,5,NA,NA,NA,NA,1e+05,2e+05,80000,1e+05,"","","","","Yes","Yes","Yes","Yes"
"True","PbkpYLBN0BX",0.07,0.04,5.5,1.3,1.5e+08,3.5e+08,1e+08,30,100,0,0,10,1.2,3.6,2,NA,NA,NA,NA,2000,20000,200,100,"","","","","Yes","Yes","Yes","Yes"
"True","PM918M1uq2d",0.04,0.03,4,2,150000,170000,190000,20,40,5,5,5,2,3,4,1.5e+08,1.5e+08,2000,1e+05,NA,NA,NA,NA,"Yes","Yes","Yes","Yes","","","",""
"True","PnnTGRaRIsx",10,8,6,9,86000,90000,95000,30,65,10,15,10,2,3,6,NA,NA,NA,NA,2048,2048,2048,2048,"","","","","Yes","Yes","Yes","Yes"
"True","PkDToTW3b7V",12,5,5,24,2.23392e+11,4.133e+09,7.8956e+10,606,6072,2,15,29,1521,1816,2156,6e+08,6e+10,61600000,1.325e+09,NA,NA,NA,NA,"Yes","Yes","Yes","Yes","","","",""
"True","PoCba7e5yKF",8,4,5,1,2e+05,4e+05,7e+05,30,70,6,2,1,2,4,6,9000,988888,60,90,NA,NA,NA,NA,"Yes","Yes","Yes","Yes","","","",""
"True","P6P9kDrd7Z4",0.05,0.02,5,3,150000,180000,2e+05,30,40,0.5,2.5,8,1.5,2.5,3.5,NA,NA,NA,NA,100,110,20,40,"","","","","Yes","Yes","Yes","Yes"
"True","PQrzduCnl8H",0.39,0.49,3,1.5,160000,2e+05,4e+05,30,40,5,10,40,2.3,3,5,NA,NA,NA,NA,4000,4000,2000,2500,"","","","","Yes","Yes","Yes","Yes"
"True","PgVAWQihvSf",5.5,3.5,5,2.5,2e+05,4e+05,1e+06,30,85,0.001,0.01,0.1,1,1.2,0.8,NA,NA,NA,NA,1e+05,1e+09,1e+05,1e+07,"","","","","Yes","Yes","Yes","Yes"
"True","PqDqwJ845jn",5,3,2,1.3,1e+09,4e+09,5e+10,39,50,1,2,2,1.72,1.8,1.9,1e+07,1e+07,2,98,NA,NA,NA,NA,"Yes","Yes","Yes","Yes","","","",""
"True","PAaaifRPJXy",0.07,0.01,4,10,4.5e+14,5e+14,5.5e+14,7,15,5,0,5,2,2.03,2.1,NA,NA,NA,NA,2048,2048,98,216,"","","","","Yes","Yes","Yes","Yes"
"True","P0BvNGszIQa",7,5,2.7,2.2,3e+08,4.3e+08,7e+08,30,65,0,0,0,1.7,2.1,3,1e+09,1e+10,50000,1e+07,NA,NA,NA,NA,"Yes","Yes","Yes","Yes","","","",""
"True","PtT5tejRt23",0.05,0.03,1.3,1,847480708800,1690779457628,16902233655308,30,75,5,5,5,1.2,1.36,1.76,1.5e+07,1.5e+07,1e+07,1e+07,NA,NA,NA,NA,"Yes","Yes","Yes","Yes","","","",""
"True","PuMtzFMNjku",0.05,0.03,5,1.3,130000,235000,1500000,30,50,5,20,5,8,6,4,NA,NA,NA,NA,10000,1e+09,100,1000,"","","","","Yes","Yes","Yes","Yes"
"True","P8IkN5JWK2j",0.05,0.03,3.5,1.3,2160001,3e+05,6e+05,30,60,15,13,10,1.32,3.5,9,NA,NA,NA,NA,1e+06,2e+06,1e+06,3e+06,"","","","","Yes","Yes","Yes","Yes"
"True","PvUcVV3dJ5Z",0.8,0.3,5,1.5,2e+11,2.2e+11,2.5e+11,85,93,1,2,5,1.5,2.5,2.8,1e+08,1e+08,1100,1e+06,NA,NA,NA,NA,"Yes","Yes","Yes","Yes","","","",""
"True","PBP0jyZl8dL",0.05,0.04,5,3,2.7e+11,5.4e+11,1.5e+13,50,70,1,10,50,2.3,2.5,3,1e+07,1e+08,10,1000,NA,NA,NA,NA,"Yes","Yes","Yes","Yes","","","",""
"True","PIXDKZcntTB",0.5,0.24,6,4,40,50,65,2,4,20,40,70,1.2,1.4,1.8,NA,NA,NA,NA,4000,6000,5000,6000,"","","","","Yes","Yes","Yes","Yes"
"True","PrF4izfPZSs",0.05,0.03,2,1.3,183000,243000,313000,30,70,1,1,1,1.3,1.6,1.8,NA,NA,NA,NA,1e+06,1e+06,10000,1e+05,"","","","","Yes","Yes","Yes","Yes"
"True","P6QlZ1K0b7e",0.6,0.3,1.7,1.3,2e+05,250000,3e+05,6.6,6.1,35,30,20,NA,NA,NA,1e+11,1e+11,1e+08,1e+09,NA,NA,NA,NA,"Yes","Yes","Yes","Yes","","","",""
"True","PTVhs3rbTvJ",0.04,0.005,4.5,1.6,140000,170000,250000,30,85,5,2,2,1.1,1.4,1.7,5000,20000,200,1000,NA,NA,NA,NA,"Yes","Yes","Yes","Yes","","","",""
"True","P7Xw8fDrVzZ",10000,12000,5,3,10000,12000,15000,10,12,10,20,30,3,5,8,NA,NA,NA,NA,75,10000,25,50,"","","","","Yes","Yes","Yes","Yes"
"True","P0DKx3BNQLw",0.045,0.03,4.5,2.4,1.7e+11,2.15e+11,375000,0.8,0.999,2,15,5,1.67,2,2.86,25,50,15,22,NA,NA,NA,NA,"Yes","Yes","Yes","Yes","","","",""
"True","PreIldCq881",0.05,0.035,5.5,2.1,1.6e+11,2.1e+11,510000,35,50,0.01,0.05,0.2,1.3,1.45,1.7,NA,NA,NA,NA,2e+06,2300000,1400000,1900000,"","","","","Yes","Yes","Yes","Yes"
"True","P3r2uTwzoCU",0.5,0.2,4,1,1.6e+08,2e+08,3e+08,7.1,15,5,6,15,1.5,1.7,1.2,1.1e+07,1.2e+07,5e+05,1e+05,NA,NA,NA,NA,"Yes","Yes","Yes","Yes","","","",""
"True","P2Vdn8kSpy6",0.5,0.2,5,2.5,25000,50000,1e+05,30,75,5,10,20,1.5,1.8,2,NA,NA,NA,NA,1e+05,10000,10000,10000,"","","","","Yes","Yes","Yes","Yes"
"True","PiX09hmMLu5",0.6,0.5,7,6,125,130,135,30,55,0.1,0.1,1,2,2,2.5,NA,NA,NA,NA,25,5,40,30,"","","","","Yes","Yes","Yes","Yes"
"True","P2Jo6mkheCC",3,0.5,5,1.9,250000,40000,6e+05,27,85,20,40,60,0.25,0.6,1.2,3e+07,2e+08,150,250000,NA,NA,NA,NA,"Yes","Yes","Yes","Yes","","","",""
"True","Pdj72AU2SgT",0.05,0.03,2,1.3,187000,252000,478000,85,96,3,5,7,1.1,1.5,2,1e+08,1e+09,2.5e+07,2e+08,NA,NA,NA,NA,"Yes","Yes","Yes","Yes","","","",""
"True","P5kUmCxDC1h",1.68,1.62,1.5,1.3,140000,148000,154000,10,40,0.1,0.3,0.4,0.9,1.2,1.3,1e+07,1e+07,5e+06,1e+06,NA,NA,NA,NA,"Yes","Yes","Yes","Yes","","","",""
"True","PyOIqz81T4h",0.05,0.02,5,2,15000,155000,17500,80,90,5,3,1,1.5,1.6,1.8,NA,NA,NA,NA,5e+07,1e+07,10,216,"","","","","Yes","Yes","Yes","Yes"
"True","PSzNbO4h3yE",0.06,0.03,5,1.3,1e+05,120000,150000,30,60,0.5,10,30,1.5,2,3,NA,NA,NA,NA,2000,3000,60,100,"","","","","Yes","Yes","Yes","Yes"
"True","P4fzFBIjVsw",6,2,8,3.5,176000,236000,550000,84,99,0,0,0,1.2,1.6,2.6,1e+12,1e+09,1e+08,1e+08,NA,NA,NA,NA,"Yes","Yes","Yes","Yes","","","",""
"True","PKMwhAnjQsT",0.04,0.02,4,2.5,2e+08,2.1e+08,2.2e+08,13,15,0,0,0,1.1,1.3,1.6,2e+07,1.5e+07,1.2e+07,1e+07,NA,NA,NA,NA,"Yes","Yes","Yes","Yes","","","",""
"True","PzyuMiWY4Jq",0.04,0.03,3,1.3,250000,290000,320000,28,60,0.05,2,8,1.5,2,2.1,NA,NA,NA,NA,10000,20000,50,1000,"","","","","Yes","Yes","Yes","Yes"
"True","Pew6tv2zzQO",5,3,2,1,150000,3e+05,1200000,8,12,1,1,1,1.5,1.7,1.7,1e+15,1e+15,1e+09,1e+11,NA,NA,NA,NA,"Yes","Yes","Yes","Yes","","","",""
"True","PcNKnAmsc7C",0.8,0.5,6.5,2.4,1.8e+11,2.4e+11,6.3e+11,10,30,70,70,70,0.8,1,2,6e+11,4.5e+10,1e+05,3e+09,NA,NA,NA,NA,"Yes","Yes","Yes","Yes","","","",""
"True","P55EtOviLcv",0.6,0.54,5,4,2.66e+08,4.5e+08,1e+09,80,99,1,2,5,1.5,2,1.7,1e+11,5e+11,8.5e+10,4.5e+11,NA,NA,NA,NA,"Yes","Yes","Yes","Yes","","","",""
"True","PomJVPUeanA",0.3,0.5,3,8,180000,3e+05,8e+05,30,35,5,10,20,2,4,8,26,98,98,98,NA,NA,NA,NA,"Yes","Yes","Yes","Yes","","","",""
"True","PMe8OPck68b",0.7,0.86,NA,NA,5e+05,8e+05,2e+07,30,60,10,5,1,0.8,0.86,1,3e+05,1e+06,216,98,NA,NA,NA,NA,"Yes","Yes","Yes","Yes","","","",""
"True","PSQ0iHOQh3f",0.8,0.2,6,2.5,230000,460000,1100000,30,90,0,0.5,3,1.5,2,3,NA,NA,NA,NA,1e+05,2e+05,5000,20000,"","","","","Yes","Yes","Yes","Yes"
"True","PpLNsKTS7im",0.05,0.03,1.5,1,15000,12000,10000,9,15,20,30,45,0.3,0.7,2,1e+07,5e+07,1e+06,5e+06,NA,NA,NA,NA,"Yes","Yes","Yes","Yes","","","",""
"True","P0tPTP4x00v",0.9,0.65,4,1.7,250000,420000,990000,18,56,0.001,0.005,0.01,1.7,2.1,2.5,NA,NA,NA,NA,9500,15000,150,2500,"","","","","Yes","Yes","Yes","Yes"
"True","PYVARDjDafq",0.03,0.02,4.5,1.3,1.6e+08,2e+08,3.2e+08,85,92,2,5,10,1.5,1.7,2,NA,NA,NA,NA,1e+09,1e+10,5e+05,6e+06,"","","","","Yes","Yes","Yes","Yes"
"True","P8eSYyEn626",7,5,10,5,6e+07,1e+08,2e+08,35,70,50,30,20,1,2,4,NA,NA,NA,NA,5,3,3,4,"","","","","Yes","Yes","Yes","Yes"
"True","PBA5i64MmOZ",10000,50000,1.5,2.5,42000,55000,70000,45,60,10,20,60,65,70,80,NA,NA,NA,NA,50,80,10,500,"","","","","Yes","Yes","Yes","Yes"
"True","P91QEqjhcZS",4e+06,4e+06,6,1,2.405e+11,4.505e+11,7.505e+11,9,17,0,1,20,0.2,0.2,0.6,NA,NA,NA,NA,26,2048,216,2048,"","","","","Yes","Yes","Yes","Yes"
"True","PiiUvn24MT1",0.8,0.35,5,2.4,3e+11,5.7e+11,4.4e+12,25,75,1,1,2,1.3,1.6,2.4,NA,NA,NA,NA,50000,1e+11,15,1e+08,"","","","","Yes","Yes","Yes","Yes"
"True","PnQpTAOadM4",0.03,0.01,3,1,1.5e+20,2e+20,3e+11,85,99.5,5,15,25,1.5,1.9,2.5,NA,NA,NA,NA,500,250,20,50,"","","","","Yes","Yes","Yes","Yes"
"True","Peo00AHtfnx",0.04,0.02,5,3,2.72e+08,4.4e+08,1.056e+09,89.2,98.7,40,95,100,1.4,2.2,2,200,2e+07,2,20,NA,NA,NA,NA,"Yes","Yes","Yes","Yes","","","",""
"True","P7hGbwnLdGN",0.75,0.7,1.9,0.95,7e+10,8e+10,1.2e+11,0.005,20,0,0,0.05,1.3,1.6,1.6,NA,NA,NA,NA,20,90,80,105,"","","","","Yes","Yes","Yes","Yes"
"True","P7hugIPGDee",7,3,3,2.5,110000,160000,250000,30,60,5,10,15,0.3,0.6,1,1e+12,1e+09,1e+08,1e+08,NA,NA,NA,NA,"Yes","Yes","Yes","Yes","","","",""
"True","PKiXMstmOmq",35,25,2.25,2,250,375,500,30,50,5,20,50,2,2.5,4,NA,NA,NA,NA,75,500,100,1000,"","","","","Yes","Yes","Yes","Yes"
"True","PMNB4FmJgGC",60,35,5,2,1.35e+08,1.5e+08,1.8e+08,25,55,5,10,20,1.2,1.8,2.3,2500000,8e+06,5e+06,1.2e+07,NA,NA,NA,NA,"Yes","Yes","Yes","Yes","","","",""
"True","PmuAYNBTtsB",5,3,5,2,275000,4e+05,750000,30,50,30,20,10,15,2,25,1e+09,8e+05,1e+05,50000,NA,NA,NA,NA,"Yes","Yes","Yes","Yes","","","",""
"True","PG39eJjRnZw",0.05,0.01,6,4,250000,750000,3e+06,25,75,2,15,40,1,1.6,2.5,10,25,5,10,NA,NA,NA,NA,"Yes","Yes","Yes","Yes","","","",""
"True","PGcfJuStZIM",0.05,0.04,6,5,2e+10,2.3e+10,3.2e+11,92,99,0,0,0.001,2,1.8,1,NA,NA,NA,NA,1e+08,2e+07,5e+06,250000,"","","","","Yes","Yes","Yes","Yes"
"True","PWgpknKoS8L",6,3,2.5,1.1,22000,25000,29000,30,60,5,10,15,1.5,2,2.5,1999999,1e+12,1e+09,1e+18,NA,NA,NA,NA,"Yes","Yes","Yes","Yes","","","",""
"True","PvUdANtXhmR",0.06,0.03,3,1.4,1.8e+11,2.3e+11,2.8e+11,30,54,5,7,12,1.5,2,3.6,NA,NA,NA,NA,25000,30000,10000,8900,"","","","","Yes","Yes","Yes","Yes"
"True","PyRdIFnPE8y",0.05,0.04,5,2,1.75e+11,2.75e+11,4e+11,33,65,5,15,25,1.4,1.5,1.8,9e+09,5.9e+10,9.9e+07,3e+08,NA,NA,NA,NA,"Yes","Yes","Yes","Yes","","","",""
"True","PUsPuXxXTge",10,5,4,2,2e+09,5e+09,1e+11,30,100,5,20,40,1.2,2,5,2e+07,5e+07,2e+06,1e+06,NA,NA,NA,NA,"Yes","Yes","Yes","Yes","","","",""
"True","P7MWGw9GIkm",814,370,5,3,7e+05,1200000,4e+06,8.6,10.2,0.1,1,3,2.2,3.1,5,2500000,3e+07,1e+06,2e+06,NA,NA,NA,NA,"Yes","Yes","Yes","Yes","","","",""
"True","PGirSmcR7br",5,2,NA,NA,2e+05,380000,6e+05,0.85,0.95,0,1e-04,2e-04,0.1,0.3,0.8,NA,NA,NA,NA,1e+12,1e+15,1e+09,1e+14,"","","","","Yes","Yes","Yes","Yes"
"True","PaVBc56tB6K",0.06,NA,1.3,1,2e+05,4e+05,9e+05,10,20,5,10,40,1.9,3,8,NA,NA,NA,NA,1e+06,1e+06,5e+05,50000,"","","","","Yes","Yes","Yes","Yes"
"True","Pns823zNpEm",0.06,0.03,1.5,0.85,370000,5e+05,1020000,7.1,7.4,75,90,70,1.7,5,11,1e+09,5.15e+08,1e+08,5e+08,NA,NA,NA,NA,"Yes","Yes","Yes","Yes","","","",""
"True","P4UwLl2wr2k",0.06,0.04,5,2,130000,150000,2e+05,30,85,7,15,30,0.5,1.5,3,2e+08,1e+08,5e+07,3.5e+07,NA,NA,NA,NA,"Yes","Yes","Yes","Yes","","","",""
"True","Pc7S9GQytQV",0.0205,0.015,3,2,1.75e+11,2.5e+11,7.5e+11,85,92.5,15,25,40,1.75,2.5,3,2,10,20,20,NA,NA,NA,NA,"Yes","Yes","Yes","Yes","","","",""
"True","P6mt41LgKCq",6,3,3.1,1.5,175000,275000,450000,15,85,1,3,4,1.1,1.3,1.7,NA,NA,NA,NA,100,100,15,20,"","","","","Yes","Yes","Yes","Yes"
"True","Pu0qkcoRyHY",0.18,0.15,2,1.5,5e+08,1.5e+09,1e+10,20,60,1,2,4,1.5,2,2.5,NA,NA,NA,NA,2048,2048,2048,2048,"","","","","Yes","Yes","Yes","Yes"
"True","PduNwZqpLoY",0.17,1,9,15,28000,35000,45000,30,65,5,25,50,5.1,8.2,13.5,NA,NA,NA,NA,500,1500,520,600,"","","","","Yes","Yes","Yes","Yes"
"True","PdiiQ4M9J5s",0.04,0.03,5,2.5,1.8e+08,2.3e+08,2.5e+08,95,100,0,1,1,1,1.7,2.5,1e+11,5e+11,5e+09,1e+09,NA,NA,NA,NA,"Yes","Yes","Yes","Yes","","","",""
"True","Pws1XzVQDPF",0.8,0.65,2.5,1.3,25000,30000,45000,30,80,0,5,25,1.5,2,3.5,1.5e+07,1.5e+07,3e+05,1e+07,NA,NA,NA,NA,"Yes","Yes","Yes","Yes","","","",""
"True","P7pQJVDUCBm",0.06,0.03,5,3,130000,150000,2e+05,30,80,0,0,0,1,2,3,NA,NA,NA,NA,1e+08,1e+11,1e+05,1e+07,"","","","","Yes","Yes","Yes","Yes"
"True","PyuwfV7ueyq",0.06,0.03,3,1.5,150,280,420,20,28,80,80,85,0.7,0.9,1,1,1,1,1,NA,NA,NA,NA,"Yes","Yes","Yes","Yes","","","",""
"True","PaSR5AiUZfQ",0.04,0.02,10,15,1.5e+08,2.7e+08,4.2e+08,26,38,15.5,20.7,30,2.5,5.5,9.5,NA,NA,NA,NA,1000,10000,10,100,"","","","","Yes","Yes","Yes","Yes"
"True","PXctH55oDPm",76,50,8,8,33000,35000,38000,6.9,6.9,50,50,50,13.9,13.9,13.9,NA,NA,NA,NA,8e+11,8e+10,8e+08,8e+06,"","","","","Yes","Yes","Yes","Yes"
"True","PrdpMLM1Kox",0.03,0.02,5,3,200,300,500,40,60,5,3,2,1.7,1.9,2.2,1000,10000,50,1000,NA,NA,NA,NA,"Yes","Yes","Yes","Yes","","","",""
"True","PO5lOrHU9mM",0.04,0.02,4.5,2.3,216000,281000,436000,7.4,13.5,0,0,0,1,1.06,1.07,2e+07,2.5e+07,2000,1.5e+07,NA,NA,NA,NA,"Yes","Yes","Yes","Yes","","","",""
"True","Pj46o0WZGML",0.08,0.04,6,3,4e+08,2e+09,1e+10,30,85,2,5,10,1.7,2.4,0.5,20,30,5,7,NA,NA,NA,NA,"Yes","Yes","Yes","Yes","","","",""
"True","P0vyxKRonUq",0.76,0.06,5,3,1.8e+11,2.5e+11,4e+11,30,85,1,5,10,2,2.5,3,NA,NA,NA,NA,1e+05,1e+05,5000,3000,"","","","","Yes","Yes","Yes","Yes"
"True","PCq1b7N7SoY",0.06,0.04,4,1,60,65,85,10,45,0,5,10,1,1.5,2,1e+09,1e+08,5e+07,3.5e+07,NA,NA,NA,NA,"Yes","Yes","Yes","Yes","","","",""
"True","PTiazmklLak",12,8,2,1.4,6e+10,6.7e+10,9.5e+10,30,80,10,7,5,1.5,1.7,0.5,2.5e+07,3.5e+07,5e+06,3e+06,NA,NA,NA,NA,"Yes","Yes","Yes","Yes","","","",""
"True","PeBnKQQqazS",0.04,0.02,4,2,8e+07,1.5e+08,4e+08,89,99,5,15,40,1.8,3.5,5,9e+08,1e+09,8e+06,1.6e+07,NA,NA,NA,NA,"Yes","Yes","Yes","Yes","","","",""
"True","PYPfxFnbSrv",5,3,5,2.2,1.7e+11,2.2e+11,7e+11,90,95,0,0.5,3,1.3,1.7,1.5,9e+05,1200000,50000,2e+05,NA,NA,NA,NA,"Yes","Yes","Yes","Yes","","","",""
"True","PtWhGuZlYGx",0.05,0.045,2,1.3,2.2e+08,3e+08,5e+08,45,80,1,1,3,1.7,2,2.5,1e+05,3e+06,100,2000,NA,NA,NA,NA,"Yes","Yes","Yes","Yes","","","",""
"True","PwTtMCm7vCB",0.05,0.05,NA,NA,1e+06,2500000,1e+07,30,95,0.001,0.5,25,1.7,2,3.2,1e+08,1.5e+08,1e+06,5e+07,NA,NA,NA,NA,"Yes","Yes","Yes","Yes","","","",""
"True","PeT0WiiAZUl",0.04,0.03,4,1.5,1.6e+11,2e+11,2.5e+11,70,61,0.001,0.001,0.001,3,5,4,NA,NA,NA,NA,12000,15000,3000,9000,"","","","","Yes","Yes","Yes","Yes"
"True","PO7X31WX2UA",8,5,2.5,1.3,140000,2e+05,350000,30,90,0,5,10,1.1,1.5,2.1,NA,NA,NA,NA,1000,1000,80,300,"","","","","Yes","Yes","Yes","Yes"
"True","P28ZyiuuoY7",0.28,0.18,3,1.5,117000,130000,170000,90,98,1,2,10,1.5,1.7,1.8,15000,3e+07,2048,216,NA,NA,NA,NA,"Yes","Yes","Yes","Yes","","","",""
"True","PVpsBfQGDx0",40000,50000,3,5,20000,3e+05,678888,38,56,30,20,19,39,28,11,NA,NA,NA,NA,1e+05,2000,2909,200,"","","","","Yes","Yes","Yes","Yes"
"True","PRwNoTEod8G",0.05,0.03,3,2,8e+11,2.9e+12,4e+12,30,70,50,70,90,3,5,9,2,2000,2,50000,NA,NA,NA,NA,"Yes","Yes","Yes","Yes","","","",""
"True","PbWib0O2fTq",0.05,0.03,5,2,2e+11,3e+11,5e+11,30,100,2,2,2,1.2,1.6,2,1.5e+13,3e+13,1e+08,2e+08,NA,NA,NA,NA,"Yes","Yes","Yes","Yes","","","",""
"True","Pm7aN09ePRI",3,3,3.5,3,2e+05,235000,198200,20.5,35,1,4,8,2,2.5,4.5,NA,NA,NA,NA,70000,1e+05,54500,1e+05,"","","","","Yes","Yes","Yes","Yes"
"True","PZE3puRlDvT",0.06,0.03,1.8,0.7,330,660,1320,7,14,0,0,0,2,1.5,1,1.5e+07,1.5e+07,1.5e+07,1.5e+07,NA,NA,NA,NA,"Yes","Yes","Yes","Yes","","","",""
"True","PK5qK5KS8kA",0.04,0.02,5,1.5,7.5e+10,1e+11,5e+11,30,75,1,2,4,2,3,5,NA,NA,NA,NA,10000,1e+05,1000,2000,"","","","","Yes","Yes","Yes","Yes"
"True","PMKzBhSlDS4",0.06,0.06,5,2.5,1.45e+11,2.1e+11,3.7e+11,8,55,0,0,0,2,2,2,1e+17,1e+15,1e+11,1e+11,NA,NA,NA,NA,"Yes","Yes","Yes","Yes","","","",""
"True","PY6OZhyI1uF",3.4e+07,2e+09,25,100,3e+09,7e+09,1e+10,50,90,50,70,90,19,27,50,NA,NA,NA,NA,700,654,1000,500,"","","","","Yes","Yes","Yes","Yes"
"True","PWeAPCbKE0n",0.05,0.02,6.5,1.5,155000,210000,3e+05,90,99,0,2,5,1.5,2,3,1e+09,1e+09,1e+06,1e+06,NA,NA,NA,NA,"Yes","Yes","Yes","Yes","","","",""
"True","PWcvIgTIYRW",1,2,8,14,80000,90000,99000,10,20,10,30,50,10,11,15,1e+10,1e+07,150000,1e+05,NA,NA,NA,NA,"Yes","Yes","Yes","Yes","","","",""
"True","PIb99H4Rv4g",3,3,1.5,1.2,9e+11,1.1e+12,2e+12,8,40,0,4,5,1.2,1.5,2,10000,1e+05,2e+06,1e+06,NA,NA,NA,NA,"Yes","Yes","Yes","Yes","","","",""
"True","PCxTZNHBFsx",0.04,0.02,3,1.3,120000,140000,160000,30,50,5,10,15,1.29,1.49,1.99,20,80,10,30,NA,NA,NA,NA,"Yes","Yes","Yes","Yes","","","",""
"True","P6SF1wvasYK",7,6,3,2.5,1.85e+11,303000,5e+05,84,90,0.2,0.5,1,0,-0.25,-0.5,NA,NA,NA,NA,5e+09,1e+10,1e+09,2.5e+09,"","","","","Yes","Yes","Yes","Yes"
"True","PD7RgfjyyI6",0.9,0.3,1.8,0.75,2e+08,2e+09,3e+10,90,97,1,10,50,1.3,2.6,0.4,5e+08,1e+09,4e+07,1e+08,NA,NA,NA,NA,"Yes","Yes","Yes","Yes","","","",""
"True","PkfNL5IicKh",0.03,0.01,6,NA,3e+05,1e+06,1e+08,30,70,9,35,90,1.2,4,20,1,1.5e+07,1,3e+05,NA,NA,NA,NA,"Yes","Yes","Yes","Yes","","","",""
"True","PUw1vCkEbdO",0.06,0.04,2.5,1.5,1.5e+11,2e+11,8e+11,30,80,0,1,1,1.1,1.3,1.5,NA,NA,NA,NA,1e+09,1e+10,10000,1e+09,"","","","","Yes","Yes","Yes","Yes"
"True","PUOzUAUoIrD",33,37,5,6,75000,1e+05,250000,25,30,5,15,50,1.5,2.5,4,NA,NA,NA,NA,1e+08,1e+08,1e+06,5e+05,"","","","","Yes","Yes","Yes","Yes"
"True","P47C0i6e3QU",0.05,0.03,3,1.5,22000,25000,32000,30,60,5,10,15,1.1,1.5,3,1e+06,1e+06,3e+05,1e+06,NA,NA,NA,NA,"Yes","Yes","Yes","Yes","","","",""
"True","PZwaRHr73wr",0.04,0.02,3,1,2e+11,4e+11,1e+14,7,40,0.001,0.005,0.01,1.2,1.8,2,10000,50000,200,1000,NA,NA,NA,NA,"Yes","Yes","Yes","Yes","","","",""
"True","P8NFjUiCaGn",0.04,0.02,4,1.5,1.7e+08,2.5e+08,1e+09,87,97,0,0,1,2,4,6,NA,NA,NA,NA,1e+09,1e+11,1e+06,1e+06,"","","","","Yes","Yes","Yes","Yes"
"True","P0ny1TCAvKB",0.04,0.02,3,1.9,160000,250000,450000,92,100,0.05,0.85,0.99,4,7,3,3,6,2,5,NA,NA,NA,NA,"Yes","Yes","Yes","Yes","","","",""
"True","Pry3j9CiRVd",0.6,0.5,6,4,2e+06,1.2e+07,3e+07,46,55,0,0.5,2,1,1.5,1.8,1e+07,1e+08,10,60,NA,NA,NA,NA,"Yes","Yes","Yes","Yes","","","",""
"True","P1rYERhwf4k",0.06,0.03,5,2,3e+07,3.5e+07,5e+07,10,25,1,2,5,1.5,3,5,10000,1e+07,90,1e+05,NA,NA,NA,NA,"Yes","Yes","Yes","Yes","","","",""
"True","PHGp4pFds1I",0.05,0.03,2.4,1.65,1.75e+08,2.1e+08,2.5e+08,85,93,0.2,0.8,3,1.2,1.4,1.8,NA,NA,NA,NA,500,2000,60,140,"","","","","Yes","Yes","Yes","Yes"
"True","PRFWyTfX6rA",150,200,8,15,1e+05,120000,2e+05,7.5,20,0.01,0.1,0.8,2,10,30,5e+07,1e+08,3e+07,8e+07,NA,NA,NA,NA,"Yes","Yes","Yes","Yes","","","",""
"True","PNS85pQ4X2C",0.07,0.04,2.5,1.3,1.5e+08,3e+08,1e+09,30,90,2,5,10,1.4,1.7,2,NA,NA,NA,NA,1e+06,1e+06,2e+05,250000,"","","","","Yes","Yes","Yes","Yes"
"True","PPOlG9fxwDP",0.04,0.02,3,1.3,151800,181800,281800,30,60,0,0,0,1.5,2,3.5,NA,NA,NA,NA,1e+15,1e+09,1e+09,1e+08,"","","","","Yes","Yes","Yes","Yes"
"True","PpRjHzWG7d0",480000,6e+05,8,12,120000,150000,170000,60,75,2,3,5,0.2,0.4,0.7,50000,40000,1450000,1.48e+08,NA,NA,NA,NA,"Yes","Yes","Yes","Yes","","","",""
"True","P5NJDrEZ8eh",1,0.75,2,1.3,1.4e+08,1.58e+08,1.72e+08,30,55,0,0.5,10,1.5,1.75,2,NA,NA,NA,NA,1e+07,2e+07,5e+05,550000,"","","","","Yes","Yes","Yes","Yes"
"True","PiQOLKNb5mQ",0.06,0.04,2,1.5,1.6e+11,2.1e+11,4e+11,30,90,0,0,5,1.2,1.5,2.2,NA,NA,NA,NA,5000,1e+05,1000,50000,"","","","","Yes","Yes","Yes","Yes"
"True","PL8ZpHCSIjf",0.045,0.03,2,1.3,2e+11,3.5e+11,6e+11,30,50,2,7,10,1.4,1.9,2.5,1e+08,2e+08,1e+07,5e+07,NA,NA,NA,NA,"Yes","Yes","Yes","Yes","","","",""
"True","Ppncxaa8Fe6",5,3,8,2,2e+05,2e+06,5e+06,55,75,2,10,30,1.2,1.5,2,NA,NA,NA,NA,10000,1e+08,1e+09,1e+06,"","","","","Yes","Yes","Yes","Yes"
"True","PwrDLt8D876",0.05,0.03,2.5,1.3,1.7e+11,2.2e+11,2.5e+11,90,98,1,5,10,1.2,1.4,1.8,NA,NA,NA,NA,130,1000,70,500,"","","","","Yes","Yes","Yes","Yes"
"True","P4ToEBMNbpT",1,0.5,8,5,5e+08,1e+10,5e+11,12,70,0,0,1,1,1.2,1.4,1e+06,1.5e+07,98,3e+05,NA,NA,NA,NA,"Yes","Yes","Yes","Yes","","","",""
"True","Pvi6EKz3Bgu",0.08,0.05,6,2.5,150000,2e+05,5e+05,90,99,5,8,10,1.2,1,0.5,5e+07,1e+07,2e+07,2e+08,NA,NA,NA,NA,"Yes","Yes","Yes","Yes","","","",""
"True","PHvfvu1xLgK",0.05,0.03,5,4,5e+08,6e+08,9e+08,88,95,0.1,0.2,5,1.1,1.5,2.5,NA,NA,NA,NA,1000,10000,20,50,"","","","","Yes","Yes","Yes","Yes"
"True","PiUmeczZTqa",0.7,0.8,2,3,1e+05,125000,150000,17,50,0,1,2,70,72,75,5e+06,5000,10000,5000,NA,NA,NA,NA,"Yes","Yes","Yes","Yes","","","",""
"True","PApvQr6bJw9",0.02,0.01,2.9,1.3,2.5e+11,3.5e+11,5e+11,40,90,0.1,0.2,0.5,0.5,1,1.5,9.99e+11,9.99e+11,10000,1e+07,NA,NA,NA,NA,"Yes","Yes","Yes","Yes","","","",""
"True","PfzWtwPo4Nk",0.8,0.75,5,2.5,1.8e+08,2.5e+08,1.4e+09,28,40,0.3,18,55,2,3.5,4.5,15,250,2,80,NA,NA,NA,NA,"Yes","Yes","Yes","Yes","","","",""
"True","PVrQfLnJ7cX",1200,1000,5,5,150,200,450,40,60,1,2,3,1.5,2,2.1,1e+08,5e+07,2e+07,2e+07,NA,NA,NA,NA,"Yes","Yes","Yes","Yes","","","",""
"True","PnCe91O6KKD",0.15,0.3,3,1,23000,30000,35000,25,30,20,25,30,2.1,3,4.2,1.5e+07,1.5e+07,3e+05,1e+06,NA,NA,NA,NA,"Yes","Yes","Yes","Yes","","","",""
"True","PfMktC80jHN",0.08,0.2,1.3,1.1,5e+05,7e+05,1500000,30,90,4,20,60,2.5,5,8,2e+07,2.5e+08,5e+05,2e+07,NA,NA,NA,NA,"Yes","Yes","Yes","Yes","","","",""
"True","PdkOb7jHb7l",1,0.8,7,3,2.9e+08,4.1e+08,7e+08,60,85,5,2,2,1.5,1.9,2.2,9e+08,2e+11,5e+07,5e+07,NA,NA,NA,NA,"Yes","Yes","Yes","Yes","","","",""
"True","PdyDDKFNjSw",8,3,2.5,1.5,155720,160580,181900,30,65,0,2,5,0.85,0.9,1.1,1e+08,1.5e+08,2e+07,1.2e+07,NA,NA,NA,NA,"Yes","Yes","Yes","Yes","","","",""
"True","PASV25QLT4f",0.06,0.06,3,2,2e+05,3e+05,5e+05,30,60,5,5,5,0.1,0.2,0.3,2e+07,2.5e+07,1e+07,1.5e+07,NA,NA,NA,NA,"Yes","Yes","Yes","Yes","","","",""
"True","PnEgBM0rrux",7,4,5.5,4,1.75e+08,4.5e+08,1.5e+10,28,95,0.3,2,15,1.5,2.5,3,NA,NA,NA,NA,10000,1e+07,9,150,"","","","","Yes","Yes","Yes","Yes"
"True","Ptv4OvsRrRM",0.05,0.02,3,1.3,1.8e+11,5e+11,1.2e+12,88,98,1,4,17,1.15,1.6,2.1,NA,NA,NA,NA,1e+05,250000,18,6000,"","","","","Yes","Yes","Yes","Yes"
"True","POQv4APL71w",0.06,0.03,3,1.3,45000,5e+05,6e+06,21,26,10,9,8,1.5,2,3,12,198,1.1e+22,1.1e+07,NA,NA,NA,NA,"Yes","Yes","Yes","Yes","","","",""
"True","PSbj2xBjkMe",5,3,1.8,1.3,2.22e+11,4.44e+11,5e+12,94,99,1,1,1,1.2,1.6,2.2,NA,NA,NA,NA,2500,5000,1000,2000,"","","","","Yes","Yes","Yes","Yes"
"True","PHxVhbKhqvm",0.04,0.03,3,1.5,220000,3e+05,8e+05,90,96,1,10,25,1.2,1.7,2,1e+08,2e+09,100,1e+06,NA,NA,NA,NA,"Yes","Yes","Yes","Yes","","","",""
"True","Pvebd7L4Vk2",23,21,5,4,30000,45000,40000,7.5,9,1e-05,1e-04,0.001,1.9,2.2,1.5,1e+67,1e+60,1e+08,1e+16,NA,NA,NA,NA,"Yes","Yes","Yes","Yes","","","",""
"True","PGzpaFdmFrn",5,4,7,12,150000,2e+05,3e+05,7,15,0,1,3,2,5,10,NA,NA,NA,NA,5e+05,9e+07,5000,9e+06,"","","","","Yes","Yes","Yes","Yes"
"True","PlcpCISuhXg",0.03,0.03,5,5,1.8e+11,2.3e+11,5e+11,90,100,1e-05,0.001,0.002,1.5,2,3,NA,NA,NA,NA,1e+08,1e+52,100,1e+05,"","","","","Yes","Yes","Yes","Yes"
"True","Pf1gY1yTK52",0.05,0.03,2.5,1.5,260000,6e+06,2e+09,75,95,5,15,35,1.5,2,4,NA,NA,NA,NA,10000,9000,5000,2000,"","","","","Yes","Yes","Yes","Yes"
"True","PWGEhbgMVb3",40,100,4,2,10000,12000,250000,10,12,5,10,15,70,75,120,1e+06,1.5e+07,1e+07,1.5e+07,NA,NA,NA,NA,"Yes","Yes","Yes","Yes","","","",""
"True","Po2wUSJzgGV",0.75,0.65,1.5,1.2,230,370,900,55,95,18,33,68,1.1,1.3,1.4,NA,NA,NA,NA,65,300,150,150,"","","","","Yes","Yes","Yes","Yes"
"True","PMaQQX8GD9q",5,3,8,3,70000,1e+05,150000,30,40,1,1,1,1.5,2,3,NA,NA,NA,NA,2048,2048,2048,2048,"","","","","Yes","Yes","Yes","Yes"
"True","PO1W0Dqi2Nk",0.04,0.025,1.8,1.4,2.5e+11,3.7e+11,1.44e+12,90,99.98,1e-06,1e-06,1e-06,1.2,1.5,1.4,NA,NA,NA,NA,1e+07,2.5e+07,500,1e+05,"","","","","Yes","Yes","Yes","Yes"
"True","PJtE6mcNxCj",NA,NA,8,NA,1.5e+08,2e+08,NA,NA,NA,NA,NA,NA,0.2,0.5,1,7,12,7,5,NA,NA,NA,NA,"Yes","Yes","Yes","Yes","","","",""
"True","PNOQohWXQpx",0.045,0.028,6,3.5,7.5e+08,8e+09,8e+10,94,98,0.01,0.02,0.05,2,3,5,5e+08,1e+11,5e+05,1e+10,NA,NA,NA,NA,"Yes","Yes","Yes","Yes","","","",""
"True","PxUOEMFirMl",0.07,0.04,1.4,1,5e+11,1.1e+12,3e+14,100,100,0.5,15,80,1.4,2,2.5,25,33,6,12,NA,NA,NA,NA,"Yes","Yes","Yes","Yes","","","",""
"True","PCrsD4NtpMJ",5,3,3,1.3,1.5e+11,1.75e+11,2e+11,65,90,0,0,0,1.2,1.5,1.9,NA,NA,NA,NA,2e+05,5e+05,2000,10000,"","","","","Yes","Yes","Yes","Yes"
"True","P1lyU9dv37Z",0.04,0.01,4,0.4,1.6e+11,2e+11,4e+11,6.5,13,0,0.1,1,1.2,1.5,2,1.5e+08,3.5e+08,1e+06,1e+08,NA,NA,NA,NA,"Yes","Yes","Yes","Yes","","","",""
"True","Pp8htGBZ42V",1,0.96,2.8,2,150000,250000,6e+05,15,30,1e-10,1e-07,1e-04,1.2,2,1.7,NA,NA,NA,NA,1e+10,1e+14,1e+08,1e+10,"","","","","Yes","Yes","Yes","Yes"
"True","Ple0cQUY2l0",6,4,8,5,186000,356000,20500000,30,80,0,0,0,1,1.2,1.8,1e+07,2e+07,250000,1.5e+07,NA,NA,NA,NA,"Yes","Yes","Yes","Yes","","","",""
"True","PzzQCluHShQ",0.06,0.02,1.3,1,1.45e+08,2.15e+08,4e+08,86,90,1e-06,5e-05,1e-04,0.15,0.3,0.1,NA,NA,NA,NA,1e+07,1e+08,1e+06,1e+06,"","","","","Yes","Yes","Yes","Yes"
"True","PPCevaWvmv5",9,4,5,1.3,150000,180000,120000,91,94,0,10,50,2,3,4,NA,NA,NA,NA,216,2000,10,10,"","","","","Yes","Yes","Yes","Yes"
"True","Psp3J8DeFqz",0.04,0.02,4.7,2.1,210000,320000,4e+05,90,93,0.7,1.9,6.4,1.4,2.1,3.7,NA,NA,NA,NA,15,25,3,5,"","","","","Yes","Yes","Yes","Yes"
"True","PKxng6AzDS5",13.5,14.3,5.5,2,3e+11,3.5e+11,4e+11,21.6,34.7,5,10,60,0.32,0.64,0.2,2e+08,6e+08,5e+05,6e+05,NA,NA,NA,NA,"Yes","Yes","Yes","Yes","","","",""
"True","PsdrRhvb1Du",1.5e+07,4.5e+07,5,2,1.5e+08,2e+08,1e+08,80,100,2,15,15,30,50,50,NA,NA,NA,NA,2e+06,5e+06,2e+05,50000,"","","","","Yes","Yes","Yes","Yes"
"True","PkogxyiRsdv",0.7,0.5,2.5,2.2,120000,160000,170000,8.7,26,0,0.01,2,2,2.2,2.5,1e+19,1e+28,1e+10,1e+07,NA,NA,NA,NA,"Yes","Yes","Yes","Yes","","","",""
"True","PyQ1nm0OscF",1,0.5,5,1.5,2e+05,3e+05,4e+05,10,25,0,0.2,0.5,1.2,1.5,1.9,NA,NA,NA,NA,1e+06,2e+06,1e+05,150000,"","","","","Yes","Yes","Yes","Yes"
"True","PUaWg8Bxz21",8,4,1.6,1.2,165000,340000,1e+06,30,60,1,1,1,1,2,3.6,1e+07,1e+09,1e+06,1e+07,NA,NA,NA,NA,"Yes","Yes","Yes","Yes","","","",""
"True","PHbsqHkEIIT",0.6,0.9,2,1.5,2e+05,350000,5e+05,50,60,5,5,10,1,2,3,NA,NA,NA,NA,3000,3000,9000,5000,"","","","","Yes","Yes","Yes","Yes"
"True","PxeyxatD502",0.05,0.03,3,2,150000,180000,3e+05,30,75,1,2,3,1.2,1.5,1.7,2e+07,2.5e+07,1e+06,1e+07,NA,NA,NA,NA,"Yes","Yes","Yes","Yes","","","",""
"True","PRHEjWp63MD",3,2,4,3,125000,250000,3e+05,40,40,60,70,80,2,5,10,NA,NA,NA,NA,26,216,10,216,"","","","","Yes","Yes","Yes","Yes"
"True","PAtl7AT6BHb",15000,2500,5,1.5,2.29e+09,3e+09,1e+10,70,80,50,70,75,4.4,14.4,39.4,4,98,5,25,NA,NA,NA,NA,"Yes","Yes","Yes","Yes","","","",""
"True","PhRBubtEZI5",1000,600,5,2.1,2.3e+08,3.5e+08,7e+08,30,75,1e-06,1e-05,1e-04,1.23,1.27,1.32,NA,NA,NA,NA,1e+05,1e+06,4200,42000,"","","","","Yes","Yes","Yes","Yes"
"True","PGszwdpWA4M",0.05,0.03,5.5,2.4,1.5e+11,1.8e+11,2e+11,13.8,25,0,0,0,1.2,1.2,1,1e+15,1e+15,1e+14,1e+14,NA,NA,NA,NA,"Yes","Yes","Yes","Yes","","","",""
"True","PHc7abs1CeH",0.3,0.3,3,1,160000,2e+05,350000,20,40,1,5,10,1.25,1.75,3,NA,NA,NA,NA,8000,20000,25,1000,"","","","","Yes","Yes","Yes","Yes"
"True","P1RIEw9ISzZ",0.5,0.2,7,5,2.2e+07,3.6e+07,5e+07,30,85,5,18,23,0.5,4,10,NA,NA,NA,NA,2048,2048,216,2048,"","","","","Yes","Yes","Yes","Yes"
"True","PbVaRMO75mz",0.78,0.73,7,5,22000,25000,28000,20,33,20,17,15,1.3,1.6,2.1,NA,NA,NA,NA,20000,90000,1e+07,1e+06,"","","","","Yes","Yes","Yes","Yes"
"True","P1wFpNtd2i4",0.06,0.02,8,5,120000,150000,4e+05,84,200,30,40,50,1,2,6,216,2048,26,98,NA,NA,NA,NA,"Yes","Yes","Yes","Yes","","","",""
"True","PrPCyZp7fkl",4,3,230,130,1.8e+08,3.3e+08,9e+08,28,75,5,2,8,1.5,1.9,3.5,1.5e+08,4e+08,3.5e+07,2.4e+08,NA,NA,NA,NA,"Yes","Yes","Yes","Yes","","","",""
"True","PXf4YLkGKPL",0.04,0.01,5,4,175000,210000,425000,7,11,1e-04,1e-04,1e-04,2,2.5,2,9999999999,1000000010,9.9e+08,1e+09,NA,NA,NA,NA,"Yes","Yes","Yes","Yes","","","",""
"True","PuZdVVBv8tc",0.04,0.03,5,5,12579,31000,60000,30,70,20,20,20,1.4,1.7,1.9,1e+08,1e+09,1.1e+08,2e+08,NA,NA,NA,NA,"Yes","Yes","Yes","Yes","","","",""
"True","PlO2nEzlDFn",0.06,0.03,2.5,1,1.5e+11,2e+11,2.5e+11,10,20,0.5,1.5,2,2,4,6,1e+06,150000,1.5e+07,5e+06,NA,NA,NA,NA,"Yes","Yes","Yes","Yes","","","",""
"True","PpWEjGNqmSy",0.08,0.05,1.6,1.4,230000,240000,26000,85,90,0,2,3,1.5,2,2.5,1e+07,1e+08,1000,1e+06,NA,NA,NA,NA,"Yes","Yes","Yes","Yes","","","",""
"True","PBiOmr6d31j",0.05,0.03,2.4,1.3,2e+05,290000,5e+05,30,60,0,0,0,1.1,1.3,1.4,NA,NA,NA,NA,1000,2500,100,500,"","","","","Yes","Yes","Yes","Yes"
"True","PKNf243X0YU",6,4,5,4,7.5e+11,5e+12,1e+13,97,99.9,0,1,2,1.2,1.6,1.8,NA,NA,NA,NA,262144,33554432,32768,16384,"","","","","Yes","Yes","Yes","Yes"
"True","Pce0g3WPqHT",0.03,0.01,3,1.3,230792,329792,659792,30,80,5,10,15,1.69,2.19,3.44,5e+18,1e+25,5e+10,1e+12,NA,NA,NA,NA,"Yes","Yes","Yes","Yes","","","",""
"True","Pp5GE31PfhI",150,300,75,50,200,500,750,30,50,15,20,30,10,20,40,NA,NA,NA,NA,75,50,100,150,"","","","","Yes","Yes","Yes","Yes"
"True","Pov1ebYBMOU",0.05,0.03,6,2,2e+05,280000,390000,35,90,1,2,10,1,1.4,2.5,200,150,30,55,NA,NA,NA,NA,"Yes","Yes","Yes","Yes","","","",""
"True","PshlkpQufxz",0.04,0.01,5,4,170000,250000,7e+05,30,50,0.5,1,5,1.5,2,1.5,NA,NA,NA,NA,10000,1e+06,20,1000,"","","","","Yes","Yes","Yes","Yes"
"True","PAv0MZqR0eM",0.04,0.02,3,2,5e+11,5e+12,1e+13,99,100,1,5,20,1.2,1.6,2.5,100,150,2,4,NA,NA,NA,NA,"Yes","Yes","Yes","Yes","","","",""
"True","Pd1zz9vnNmO",0.06,0.04,4,2,1e+11,1.6e+11,5e+11,15,50,0,1,2,1.2,1.5,1.8,1e+10,2e+10,8e+09,1e+10,NA,NA,NA,NA,"Yes","Yes","Yes","Yes","","","",""
"True","PYsUoNKPyDP",0.04,0.02,3,2,1.24e+11,1.5e+11,2.5e+11,0.37,0.75,0,0,0,2,2.5,4,NA,NA,NA,NA,2048,2048,26,216,"","","","","Yes","Yes","Yes","Yes"
"True","PCoequ1tizF",0.06,0.04,5,2,2.5e+10,8e+10,3e+11,90,99,5,7.5,15,0.5,1.5,2.5,NA,NA,NA,NA,4096,8095,3500,5500,"","","","","Yes","Yes","Yes","Yes"
"True","PONFw0xdZo7",4,3,5,2,120,160,300,85,95,10,40,60,2.2,3.5,4.5,26,216,10,98,NA,NA,NA,NA,"Yes","Yes","Yes","Yes","","","",""
"True","PUwWxFhNVcy",0.05,5,4,3,150000,162000,199000,30,66,0,5,10,1.2,1.5,2,5e+07,1.1e+07,1e+07,1.25e+08,NA,NA,NA,NA,"Yes","Yes","Yes","Yes","","","",""
"True","PSWiESo9It7",2,1,5,3,1610000,21600000,2900000,10,25,0,0,0.001,1,1,1,1e+09,5e+09,1e+08,1e+11,NA,NA,NA,NA,"Yes","Yes","Yes","Yes","","","",""
"True","PyDf7vLWbGe",0.78,0.3,3,1.3,3e+05,5e+05,1e+06,30,65,0,0,25,1.5,3,5,1e+07,1e+08,5e+05,1e+06,NA,NA,NA,NA,"Yes","Yes","Yes","Yes","","","",""
"True","PlgCzUyw8oU",0.05,0.07,4,1.5,130000,1e+05,80000,50,95,0,1,4,1.8,2.5,2.8,NA,NA,NA,NA,3000,4000,20,200,"","","","","Yes","Yes","Yes","Yes"
"True","PsTsoek6PUT",99,154,3.5,1.3,141.893,345345,576768,30,60,7,3,2,40,45,55,1.5e+07,1e+06,3e+05,1e+06,NA,NA,NA,NA,"Yes","Yes","Yes","Yes","","","",""
"True","PqWcCYYQr3B",0.3,0.15,2.5,1,2e+08,2.5e+08,5e+08,88,95,10,20,30,1.1,1,0.8,NA,NA,NA,NA,4800,20000,5000,5000,"","","","","Yes","Yes","Yes","Yes"
"True","PNl5wL64TFX",0.11,0.06,1,NA,354762,131547,2568,30,20,53,61,68,2,4,5,NA,NA,NA,NA,9,5,10,99,"","","","","Yes","Yes","Yes","Yes"
"True","Pv9OOmCDs8G",0.05,0.03,5,3,2e+08,2.3e+08,2.5e+08,15,25,5,6,8,1.2,1.8,2.1,NA,NA,NA,NA,1e+09,3e+09,1e+06,1e+08,"","","","","Yes","Yes","Yes","Yes"
"True","PxWreTN2NuJ",0.85,0.03,NA,NA,306505,919515,2e+06,30,150,NA,NA,NA,2,4.5,9,NA,NA,NA,NA,216,200,2048,2500,"","","","","Yes","Yes","Yes","Yes"
"True","P849mqKynDs",0.05,0.02,5.77,2.98,4.75e+11,8.75e+11,3.9e+12,17.8,74.7,0.01,0.38,2.78,1.14,1.27,1.84,NA,NA,NA,NA,9.5e+08,9.95e+08,475000,478000,"","","","","Yes","Yes","Yes","Yes"
"True","PTmLNPammOX",8,5,4,3,125000,150000,2e+05,30,90,10,10,10,58,59,60,NA,NA,NA,NA,5000,10000,1000,10000,"","","","","Yes","Yes","Yes","Yes"
"True","Plxv9vFF58c",0.71,0.54,8,5,171505,271505,571505,33.33,36.3,0,0,0,1,1.2,0.4,3210,372740,112,1724398,NA,NA,NA,NA,"Yes","Yes","Yes","Yes","","","",""
"True","PM8kZKBdEFh",0.05,0.03,5,1.3,2e+05,260000,460000,85,90,0,0,10,1.5,2,3.2,NA,NA,NA,NA,2000,50000,100,2000,"","","","","Yes","Yes","Yes","Yes"
"True","PvEVUVXwe8v",0.8,0.5,3,1.3,20000,25000,30000,30,70,0.001,0.001,0.01,1.5,1.8,2,NA,NA,NA,NA,2048,2048,2048,2048,"","","","","Yes","Yes","Yes","Yes"
"True","PwTy20KytmA",0.04,0.02,2.5,1.5,175000,225000,265000,85,95,5,8,20,1.2,1.6,2.4,5e+07,7.5e+07,8e+05,3e+06,NA,NA,NA,NA,"Yes","Yes","Yes","Yes","","","",""
"True","P7NQGV5abIc",0.1,0.05,6,2,160,200,250,85,99,1,1,4,2,3,4,1e+05,1e+08,2000,10000,NA,NA,NA,NA,"Yes","Yes","Yes","Yes","","","",""
"True","PzXffbZc1ub",0.11,0.06,5.6,3.9,300,350,700,8.1,9.8,12,17.7,23.8,16.7,14,10.2,NA,NA,NA,NA,870,985,700,905,"","","","","Yes","Yes","Yes","Yes"
"True","PKaUKvu4Ak5",0.05,0.03,2,1,180000,250000,450000,40,80,5,10,10,1.3,1.5,1.6,1e+05,1e+06,30,1e+05,NA,NA,NA,NA,"Yes","Yes","Yes","Yes","","","",""
"True","PpZsji3qrTS",3,2,2.5,2,230000,360000,5e+05,35,85,0,0,0,1,1.04,1.06,2e+08,1e+08,1500000,1e+07,NA,NA,NA,NA,"Yes","Yes","Yes","Yes","","","",""
"True","P80EKmlrlyF",60,55,25,55,65,67,70,45,55,60,69,72,25,40,55,26,50,35,40,NA,NA,NA,NA,"Yes","Yes","Yes","Yes","","","",""
"True","P8gjHjJrKpp",0.03,0.01,4.5,3.2,170,280,550,30,90,0.01,0.03,0.05,1.2,1.6,1.8,NA,NA,NA,NA,80,10000,150,250,"","","","","Yes","Yes","Yes","Yes"
"True","PY5KybM5FPN",0.09,0.05,7,3.5,2e+05,5e+05,1e+06,90,100,1,0.75,0.5,0.8,0.5,0.25,NA,NA,NA,NA,1e+06,1e+07,1e+06,1e+06,"","","","","Yes","Yes","Yes","Yes"
"True","Pk3F1vO3cVs",0.06,0.02,1,0.8,135,148,186,10,30,1,5,15,1,1,2,1e+35,1e+23,1e+14,1e+25,NA,NA,NA,NA,"Yes","Yes","Yes","Yes","","","",""
"True","PfROGxvG8jS",2e+10,1e+10,5e+06,1.5e+07,60,50,10,50,95,5,25,50,2,7,10,100,100,100,100,NA,NA,NA,NA,"Yes","Yes","Yes","Yes","","","",""
"True","PwZly3HNvFS",0.06,0.03,1,0.5,150000,5e+05,1e+06,25,40,25,45,70,1,1.3,1.7,1.5e+07,1.6e+07,5e+07,7e+06,NA,NA,NA,NA,"Yes","Yes","Yes","Yes","","","",""
"True","Pb4CcdUSKmk",24,12,3,1.3,2e+05,3e+05,640000,30,80,1,1,1,1.5,2,3,5e+07,1e+08,1e+07,1.5e+07,NA,NA,NA,NA,"Yes","Yes","Yes","Yes","","","",""
"True","PQQKAsNWko8",1.7e+08,1.4e+08,1200000,8e+05,140500,143000,150000,30,55,60,65,90,1.5,1.78,0.98,NA,NA,NA,NA,2048,216,2048,216,"","","","","Yes","Yes","Yes","Yes"
"True","PPebVkRuOMU",0.75,0.7,1.5,1.2,126505,226505,426505,84.5,94,0.25,2,15,1.5,2,2.1,1e+06,1.8e+07,1e+07,1.5e+07,NA,NA,NA,NA,"Yes","Yes","Yes","Yes","","","",""
"True","PfIy4wYFDq9",0.07,0.03,2,1.5,2e+08,2.5e+08,5e+07,30,55,5,10,20,1.3,1.6,2,NA,NA,NA,NA,25,50,25,10,"","","","","Yes","Yes","Yes","Yes"
"True","PfSyPMmGlZM",0.03,0.01,2.75,2.5,2e+08,3e+08,7e+08,52,90,1,1,1,1.5,1,0,5e+08,5e+08,5e+07,5e+07,NA,NA,NA,NA,"Yes","Yes","Yes","Yes","","","",""
"True","PVgFMnkvzCL",6,4,6,3,210,325,555,70,90,0.01,0.03,1,1.5,1.9,2.2,1e+08,1e+10,1e+06,1.5e+07,NA,NA,NA,NA,"Yes","Yes","Yes","Yes","","","",""
"True","POUYckrocsT",0.05,0.04,4.5,2,222000,444000,9233814,0.85,0.88,1,4.5,25,1.5,2,4,1e+07,5e+06,1000,1e+06,NA,NA,NA,NA,"Yes","Yes","Yes","Yes","","","",""
"True","PHBNc5GPxDQ",0.05,0.03,4,2,7e+11,1e+09,5e+09,88,99,0,0,0,1.5,2,2.5,1e+06,1e+09,20,60,NA,NA,NA,NA,"Yes","Yes","Yes","Yes","","","",""
"True","P7omHY3ct0n",0.05,0.03,2,1.5,1.6e+08,2e+08,5e+08,30,70,3,10,50,1.5,2,5,2,10,2,10,NA,NA,NA,NA,"Yes","Yes","Yes","Yes","","","",""
"True","PewCd1TYTl6",5,4,5,2.4,130,140,160,30,50,0,0,0,2,2.5,3.7,NA,NA,NA,NA,5e+05,1e+06,1e+05,2e+05,"","","","","Yes","Yes","Yes","Yes"
"True","PvsYd9YDYku",0.04,0.03,4,2,2.7e+08,5e+08,2e+09,90,100,0,0,0,1.5,2.5,3.5,1e+08,4e+08,4e+07,6e+07,NA,NA,NA,NA,"Yes","Yes","Yes","Yes","","","",""
"True","PSfoxPsAQ5k",0.8,1.2,2,6,13,44,14,4,2,1,4,5,4,5,13,NA,NA,NA,NA,1042,4,7888,849,"","","","","Yes","Yes","Yes","Yes"
"True","PFp17CqRi4u",0.6,1,8,5,2e+05,250000,350000,10,40,0,1,5,1.5,2,2.5,9e+08,1e+09,1e+08,1e+11,NA,NA,NA,NA,"Yes","Yes","Yes","Yes","","","",""
"True","P3fnbgDMBVn",0.9,0.4,3,1.3,220000,250000,275000,30,80,0,0,0,1.6,2.4,6,NA,NA,NA,NA,2000,8000,1000,2000,"","","","","Yes","Yes","Yes","Yes"
"True","P61hIJf7NIC",0.06,0.04,5,2,2e+09,8e+09,1.2e+10,9,15,0,10,30,1.6,2.2,-3,3e+05,4.5e+10,1000,1e+06,NA,NA,NA,NA,"Yes","Yes","Yes","Yes","","","",""
"True","PpKB3TeB1br",0.05,0.025,3,0.5,2.5e+11,5e+11,1.5e+12,85,97,1,5,5,1.5,2,2,NA,NA,NA,NA,1000,10000,10,50,"","","","","Yes","Yes","Yes","Yes"
"True","Pr3D5FOEN06",0.001,7e-04,5,2.5,180000,250000,8e+06,20,30,0.5,2,10,1.5,2.5,3,1e+11,1e+11,5e+07,1.5e+07,NA,NA,NA,NA,"Yes","Yes","Yes","Yes","","","",""
"True","PFXnBLumyjq",0.05,0.02,4.5,1.6,1e+12,2e+12,5e+12,95,100,5,10,20,1.25,2,3,NA,NA,NA,NA,10000,10000,1000,5000,"","","","","Yes","Yes","Yes","Yes"
"True","PTzmcTo8HLY",5,4,8,3,150000,3e+05,1e+06,30,80,30,10,5,1,0.6,0.4,NA,NA,NA,NA,216,1300,50,800,"","","","","Yes","Yes","Yes","Yes"
"True","PCUNo0jI2yi",0.1,0.05,5,4,3e+08,6e+08,8e+08,85,98,2,3,5,2,4,6,NA,NA,NA,NA,1000,10000,100,10000,"","","","","Yes","Yes","Yes","Yes"
"True","PVjuG2FZBBg",1e+09,2e+09,5.5,3.25,1e+06,5e+07,1e+08,30,75,3,10,20,2,5,4,1100,20000,20000,1000,NA,NA,NA,NA,"Yes","Yes","Yes","Yes","","","",""
