"Finished","ID","Lab.Leak_1_1","Lab.Leak_2_1","Lab.Leak_3_1","USGDPFromSoft_1_1","USGDPFromSoft_2_1","USGDPFromSoft_3_1","ComputeCost_1_1","ComputeCost_2_1","ComputeCost_3_1","GFLOPS_1_1","GFLOPS_2_1","GFLOPS_3_1","Pew_1_1","Pew_2_1","Pew_3_1","Happiness_1_1","Happiness_2_1","Happiness_3_1"
TRUE,"PMXIGyEoj6X",1,1,1,5,5,5,4,4,4,2,2,2,3,3,3,6,6,6
TRUE,"PoMwyaBZi1n",1,4,7,15,25,47,50000000000,100000000000,200000000000,3,7,12,10,25,70,65,65,65
TRUE,"PiouKOyTKKH",0.3,0.5,1,3,4,6,5000000,40000000,250000000,14,16,18,40,45,50,86,88,89
TRUE,"P6YGuuP1Tjg",0,0,0,3.1,4.5,6.8,3000000000000,5000000000000,7000000000000,15000,16500,19000,43,40,20,83,86,89
TRUE,"PPLUtBt5R4w",0,0,1,4,6,12,400000000000000000000,49999999999999995805696,10000000000000000,0.03,0.03,0.05,35,40,60,89,90,89
TRUE,"PHbsqHkEIIT",1,2,5,3,7,13,115000000000,200000000000,260000000000,14,16,20,55,60,65,44,50,45
TRUE,"PCl9n7LZpob",0,20,30,20,30,50,10000000,30000000,400000000,1,1,2,45,50,90,30,20,10
TRUE,"PJzN0Kh3gZJ",3,5,7,4,5,8,20000000,30000000,50000000,0.03,0.02,0.1,45,50,55,14,17,20
TRUE,"P3yLqxiSTDi",1,5,10,3,5,10,6000000,10000000,100000000,0.01,0.05,0.05,60,70,80,86,80,75
TRUE,"P77wpEGVPzD",0,0,1,3.5,4.5,6,1000000,100000,10000,0.01,0.005,0.0005,32,28,25,80,75,74
TRUE,"PO7X31WX2UA",1,2,2,4,8,18,4000000,2.7,1000000,0.02,0.01,0.01,44,36,22,81,76,82
TRUE,"PgVAWQihvSf",0,0,1,3.3,4.1,14.5,6,20,35,15,14,10,34,38,20,82,79,85
TRUE,"PRE0hJWOCua",0,0,0,3.03,3,2.8,4000000000,4.1,4.3,9000,9700,10000,44,43,28,86,86,86
TRUE,"PJAPi8RgHSk",0,1,3,3.8,5,8,40000000,70000000,50000000,0.01,0.005,0.001,55,60,70,84,86,90
TRUE,"PLXpD9Cbh9n",1000,3000,7000,10,50,45,200000000000,500000000000,450000000000,25,50,100,30,50,70,60,80,60
TRUE,"PcyS1uH6T3M",0,0,1,3.05,3.1,4,10000000,10000000,10000000,0.03,0.02,0.02,55,59,65,84,82,78
TRUE,"Po5CxPV0lMx",0,0,1,10,12,14,10,12,14,0.05,0.04,0.03,1,2,5,33,33,33
TRUE,"PSQ0iHOQh3f",1,1,3,2.98,2.53,2.37,9200000,4600000,3500000,0.04,0.01,0.005,35,31,25,65,67,75
TRUE,"PkvFNcYsGZd",0,0,0,3.07,5.75,7.5,10000000,200000000000,100000000000,0.03,0.02,0.01,48,49,58,87,90,85
TRUE,"Pf4NRy23f5M",0,0,1,3.2,4,15,5000000000,5000000000,25000000000,0.02,0.01,0.01,20,20,10,85,82,78
TRUE,"PCP7NaBnElC",2,10,15,25,40,45,50,150,350,0.1,0.5,1,70,55,35,55,50,40
TRUE,"P6vIkmYbNfo",0,1,1,10,12,20,110000000000,300000000000,800000000000,0.3,0.2,0.1,35,38,40,45,55,70
TRUE,"PwTtMCm7vCB",0,0.5,4,3.05,3.95,6,7000000,17000000,35000000,0.05,0.075,0.1,51,57,42,63,53,32
TRUE,"Pj1H14UO1Pu",0,0,1,3.05,3.07,3.25,25000000,25000000,25000000,0.02,0.02,0.01,54,55,60,85,86,88
TRUE,"PeBnKQQqazS",0,0.02,0.02,3,3.5,12,6000000,12000000,75000000,0.03,0.03,0.02,56,48,35,78,75,69
TRUE,"Pm7aN09ePRI",0,0,2,3,2.5,4.3,12000000000,25000000000,50000000000,0.03,0.03,0,66,50,68,25,50,65
TRUE,"PoCba7e5yKF",8,5,2,4,2,1,150000000000,160000000000,90000000000,16000,18000,4000,60,70,60,75,96,97
TRUE,"PaLTmhWsVUB",0,0,0,3.2,4.5,6.5,10000000,50000000,350000000,0.02,0.01,0.075,40,33,25,85,90,83
TRUE,"P7MWGw9GIkm",0.01,0.04,0.3,309,4,52,281000000000,278000000000,270000000000,41000000000,43000000000,56000000000,30,35,37,81,76,70
TRUE,"PWPJ4iAOo4L",10,12,19,3,3.2,3.6,1800000000000,220000000000,300000000000,10000,20000,30000,51,48,40,91,94,88
TRUE,"PZ6cUL9OoB2",0,0,0,4,5,16,30000000,90000000000,200000000000,0.01,0.01,0,32,41,30,75,70,72
TRUE,"Pry3j9CiRVd",0,0,1,3.5,6,11,30000000,350000000,500000000,0.3,0.25,1,48,43,30,85,82,80
TRUE,"PgMRRE5btZ4",0,0,2,3.01,3.7,5.6,100000000000,260000000000,430000000000,0.01,0.005,0.0007,38,22,70,68,61,43
TRUE,"PtT5tejRt23",0,1,1,3.5,5.07,6,10,20,50,0.03,0.03,0.03,30,35,40,86,88,90
TRUE,"P8eSYyEn626",2,5,3,12.5,20,35,100000,150000,500000,0.03,0.001,0.0001,30,42,50,40,30,50
TRUE,"PAjCm42lW9X",0,1,3,3.8,5,10,5000000000,15,50000000000,50,60,200,40,30,10,88,94,90
TRUE,"PmE2U3HDzSV",1,1,2,5,520,8,10000000000,13000000000,20000000000,2,2,1,60,70,85,80,70,45
TRUE,"PSzNbO4h3yE",2,6,20,15,12,10,5000000000,1000000000,100000000000,0.15,0.1,0.1,45,55,90,70,62,18
TRUE,"P4wC0IJi2II",0,1,3,5,12,25,5000000,15000000,100000000,0.03,0.02,0.001,33,25,20,80,76,67
TRUE,"PshlkpQufxz",0.001,0.002,0.005,3.5,4,6,25000000000,30000000000,70000000000,0.01,0.001,0.0001,33,30,20,80,75,74
TRUE,"PWcvIgTIYRW",2,4,6,35,5,7.5,100000,5000000,10000000,15,18,20,10,15,25,68,70,70
TRUE,"P1GNkk1uuqi",0,1,1,3.5,3.8,4,45000000,40000000,25000000,14000,15000,17000,25,50,50,15,15,15
TRUE,"P0vyxKRonUq",1,5,10,3.1,5.1,10,0.1,0.5,0.5,0.02,0.02,0.01,28,40,50,85,81,75
TRUE,"PCAJFEY2qKY",1,4,10,4,8,25,100,300,900,3,6,9,25,50,60,75,70,70
TRUE,"P3JtuLZxHUt",0,0,0.2,3.99,4.69,5.9,3600000,1800000,1000000,0.02,0.015,0.01,33,35,15,83,85,85
TRUE,"PY5KybM5FPN",1,3,10,3.5,5,25,15000000,30000000,50000000,0.01,0,0,35,37,50,75,80,90
TRUE,"P5KxuczwJ2W",0,0,0,3.43,4.03,4.23,10000000,15000000,20000000,0.02,0.01,0.01,33,35,39,83,78,72
TRUE,"PYeb0elczXn",0,0,0.2,3.3,3.6,4.2,6000000,8000000,15000000,0.01,0.003,0.0001,32,35,25,85,84,86
TRUE,"PjoZK4FKMEK",0,0,0,4,6,10,100000000,150000000,200000000,0.01,0.01,1,50,40,25,50,50,50
TRUE,"P1EelDibiO2",5,30,50,5,9,20,50000000,100000000,10000000000,0.1,0.008,0.0001,55,60,90,83,75,60
TRUE,"PdkOb7jHb7l",0,1,2,3.2,3.8,10,20000000000,25000000000,50000000000,0.03,0.01,0,33,30,25,86,85,84
TRUE,"P2IFeZZ1U2L",0,1,2,3.01,2.97,2.7,5,4.25,3.75,200000000,150000000,75000000,32,37,42,82,78,74
TRUE,"P9fdI8ImO4g",1,1,3,10,12,16,10000000,15000000,50000000,0.3,1,2,35,30,20,82,85,92
TRUE,"P7hugIPGDee",1,2,5,2.8,3,3.8,10000000,8000000,6000000,0.02,0.01,0,32,28,21,87,90,89
TRUE,"Pu8JwBFyx6l",0,0,2,3.1,3.4,5,35000000,1.2,10000000000,0.029,0.021,0.018,30,25,20,82,79,76
TRUE,"PymVYTYjHpk",500000,10000000,1500000000,3,5,8.5,8000000,15000000,28000000,50000,1000000,2000000,15,28,36,80,83,87
TRUE,"P8IkN5JWK2j",0,1,1,3,2.9,2.3,10000000000,200000000000,300000000000,0.3,0.2,0.1,55,65,70,80,75,70
TRUE,"PzdvCnLVur5",1,2,4,4,8,18,30000000,75000000,500000000,0.03,0.024,0.01,35,40,50,80,75,70
TRUE,"PUrGFh03PMg",0,1,2,5,10,25,5000000000,15000000000,100000000000,0.02,0.01,0,35,25,5,80,85,90
TRUE,"PrdpMLM1Kox",0,0,0.01,3.5,5.2,10.2,50000000000,100000000000,200000000000,0.5,0.25,0.1,30,28,25,80,88,94
TRUE,"PYVgr8a5de9",1,3,2,3.03,3.1,3.2,12000000000,15000000000,20000000000,0.02,0.01,0.005,45,48,42,84,82,85
TRUE,"P55eEqfTCsz",0.3,1,2,5,7,10,110000000000,200000000000,300000000000,0.01,0.007,0.001,49,42,35,2.16,2.1,2
TRUE,"P1diXXuZIcI",0,0,2,4,7,15,200000000,1000000000,10000000000,0.01,0,0,33,30,25,84,80,66
TRUE,"PO5lOrHU9mM",0,1,2,6.2,8.5,18,3500000,3000000,1500000,0.25,0.18,0.05,57,63,82,70,65,50
TRUE,"PRZkfVJ4ftN",0,0,0,9,12,18,35000000,37000000,45000000,0.03,0.025,0.015,35,38,42,87,85,84
TRUE,"PCHgDkKgXm0",30,20,10,10,20,30,30,35,40,0.3,0.2,0.1,30,20,10,90,95,97
TRUE,"PbVaRMO75mz",0,0,1,3.1,3.3,4.1,5000000,6.5,10000000,NA,NA,NA,37,35,31,84,89,84
TRUE,"PRVGSuELqiM",0,0,2,3.04,3.1,4,15000000,20000000000,200000000000,0.01,0.005,0.0001,55,65,75,84,85,85
TRUE,"PKxng6AzDS5",0,0,1,3,4,6,10000000000,10000000000,30000000000,0.02,0.02,0.1,33,25,15,82,80,74
TRUE,"P28ZyiuuoY7",0,1,2,2.9,2.8,3.2,1000000000,50000000000,200000000000,0.05,0.1,0.8,33,40,50,88,87,87
TRUE,"PyuwfV7ueyq",0.1,0.1,0.1,2,3.5,7,75000000000,200000000000,220000000000,0.05,0.01,0,48,54,62,87,88,88
TRUE,"PyOIqz81T4h",0,1,3,3.05,3.08,3.1,25000000,40000000,75000000,0.01,0.005,0.0005,55,48,35,84,86,88
TRUE,"P1RIEw9ISzZ",0,1,1,3,2.9,2.9,100000000000,200000000000,250000000000,0.2,0.1,0.05,50,40,25,88,90,90
TRUE,"PnZxB8WH0SC",0,0,0,3.04,3.9,6,10000000000,200000000000,400000000000,0.2,0.1,0.01,41,36,29,88,89,94
TRUE,"PTVhs3rbTvJ",0,1,1,3.1,4.5,7.5,35000000,50000000,150000000,0.03,0.02,0.02,40,45,45,100,100,100
TRUE,"PvUcVV3dJ5Z",5,8,12,3,2.8,2.6,50000000,60000000,75000000,0.2,1,1,40,50,50,43,50,55
TRUE,"PnnTGRaRIsx",3,5,5,5,8,15,10000000,15000000,20000000,100,120,130,40,25,20,50,60,65
TRUE,"P2XK7zzVNHd",1,3,8,2.9,2.6,2.3,20000000000,100000000000,150000000000000,0.01,0.009,0,44,56,69,75,60,45
TRUE,"PcNKnAmsc7C",10,12,15,3,3.5,4,6,10,30,8000,5000,1000,55,60,40,30,30,35
TRUE,"Pws1XzVQDPF",1,1,5,3.9,4,8,20000000000,200000000000,500000000000,0.02,0.01,0.01,50,70,80,80,70,68
TRUE,"Ped9UbyEMhG",0,0,1,3.7,4.7,8,50000000,100000000,1000000000,0.02,0.01,0.001,34,35,38,89,91,93
TRUE,"P6P9kDrd7Z4",0,1,2,3.2,4,5,10000000000,200000000000,210000000000,0.02,0.01,0,34,40,60,84,83,80
TRUE,"PZE3puRlDvT",0,1,3,2.9,3.3,6,2000000,1000000,25000,0.02,0.01,0.01,40,30,15,78,68,48
TRUE,"PAaaifRPJXy",0,0,0,3,2.8,2.6,16000000,36000000,56000000,0.03,0.02,0.02,55,58,60,79,84,86
TRUE,"PhlZ8BiViPv",0,0,0,3.29,5.1,7,10000000,200000000000,300000000000,0.01,0.0001,0.000001,33,40,50,86,80,78
TRUE,"PY6OZhyI1uF",90,250,370,50,65,80,5000000,1000000000,5000000000,10,30,50,40,35,10,35,15,9
TRUE,"P609pgyPs5I",0,0,1,3.5,3.8,8,40000000,45000000,60000000,0.03,0.03,0.01,33,40,50,85,86,87
TRUE,"P4fzFBIjVsw",20,30,50,3.5,3.25,3,6000000,7200000,5000000,0.01,0.0001,0.00000001,33,25,15,84,80,76
TRUE,"PO4xkbkkTGR",0.05,0.5,1.5,3.3,5.1,8,20000000,200000000000,200000000000,0.02,0.01,0.003,35,39,20,85,88,81
TRUE,"PGszwdpWA4M",0,0,1,3,3,3,5000000,8000000,8000000,0.3,0.3,0.3,50,60,70,50,60,86
TRUE,"PXctH55oDPm",1,1,1,3,3,3,20000000000,20000000000,20000000000,14,14,14,33,33,33,96,96,96
TRUE,"P1rYERhwf4k",0,0,1,3.5,4,9,5000000,25000000,45000000,0.02,0.01,0.005,30,29,40,82,81,69
TRUE,"P1wFpNtd2i4",0,1,4,3.2,3.6,5.7,40000000,50000000,100000000,0.02,0.07,0,30,27,15,85,81,75
TRUE,"PfROGxvG8jS",20,15,3,20,18,8,24,28,38,14,20,25,10,8,6,20,20,25
TRUE,"P2Jo6mkheCC",0,0,1,3.1,3.6,4.7,7000000,15000000,45000000,0.03,0.026,0.02,40,35,25,70,80,82
TRUE,"PTwtfesYrHW",0.3,0.4,0.5,3.02,3,5,5000000,25000000,500000000,0.03,0.02,0.01,32,28,20,84,80,70
TRUE,"PNVn04f1hux",0.3,0.5,0.7,3.4,3.9,5,10000000,12000000,16000000,22000,23000,30000,5,7,15,0.6,0.4,0.3
TRUE,"PR1ymlIhb92",0,1,5,15,30,60,200000000,500000000,1000000000,0.01,0.005,0.0005,32,40,30,70,50,80
TRUE,"PCnvfBZOK8T",0,0,0,4,5.5,10,8000000,12000000,15000000,0.005,0.0005,0.0000005,33,40,35,84,90,83
TRUE,"Pm79Pfj5MXs",0.01,0.1,0.15,3,3,3.5,200000000000,500000000000,700000000000,0.01,0.001,0.0001,34,30,53,80,70,85
TRUE,"PnQpTAOadM4",0,1,1,3.5,4,4.3,2000000,1750000,1000000,0.01,0,0,35,38,40,87,90,94
TRUE,"P6xm9gAv351",0,0,0,3.5,6,10,100000000000,150000000000,300000000000,0.02,0.01,0.01,40,30,15,88,89,88
TRUE,"PHGp4pFds1I",0.01,0.06,0.69,4.5,4.8,5.7,12000000,40000000,500000000,0.01,0,0,31,27,14,88,91,89
TRUE,"PyDf7vLWbGe",0,0,0,5,10,25,35000000,40000000,50000000,1,0.1,0.001,30,40,50,80,75,70
TRUE,"PAgnPFWnBt2",0,0,0,3,3,3,40000000,50000000,75000000,0.01,0.01,0.02,34,40,48,86,80,70
TRUE,"PlBhwmZ0rP6",0.0001,0.0001,0.001,4.06,4.97,6.9,6000000,10000000,50000000,3,1,0.3,55,59,65,95,89,94
TRUE,"PKaUKvu4Ak5",0,1,2,3.2,5,13,1000000000,1.2,2.4,0.01,0.001,0.0001,56,58,68,74,64,84
TRUE,"P2Vdn8kSpy6",0,0,1,3,4,6,250000000,500000000,1000000000,0.002,0.000179,0.00000446,30,18,60,84,82,80
TRUE,"PTdVUh2xcQr",1,2,2,3,5,8,5000000,5500500,7000000,0.03,0.03,0.03,30,35,50,85,82,80
TRUE,"PNMkqJmNyVy",1,2,3,12,40,60,10000000,10000000000,1000000000000,20,27,35,1,5,7,30,30,30
TRUE,"PnLaYYNfwRf",1,2,4,3.1,3,2.5,10000000,100000000,20000000000,0.03,0.01,0.01,33,38,50,50,50,50
TRUE,"PfhwmD6QSHh",1000,4000,6000,20,23,57,4.3,10000000,35000000,10000,16000,30000,13,27,60,10,30,60
TRUE,"PJeAERAbOPF",0,0,0,3.09,4.02,6.07,15000000000,40000000000,90000000000,0.02,0.01,0.001,34,35,40,78,81,77
TRUE,"PL8ZpHCSIjf",1,3,7,5,8,10,10000000,20000000,40000000,0.005,0.0005,0.00001,55,48,30,85,82,83
TRUE,"PkXwXbM9tn3",0,1,2,3.6,4,5,20000000,60000000,200000000,0.01,0.001,0.00001,40,45,70,81,83,88
TRUE,"PYETbTdBjKd",0,0,0,4,10,10,20000000000,20000000000,20000000000,0.03,0.03,0.03,50,50,50,80,70,50
TRUE,"POQv4APL71w",1,2,2,70,75,75.9,5000000,7000000,10000000,0.08,0.06,0.03,50,48,60,50,48,40
TRUE,"Pk3F1vO3cVs",0,0,2,5,9,15,8,12,17,0.03,0.05,0.7,37,31,20,82,85,91
TRUE,"Pac3iLqteOA",0,1,4,3.5,4,9,35000000,80000000,300000000,0.02,0.01,0.005,34,29,20,84,81,75
TRUE,"PHc7abs1CeH",0,1,1,3.4,4.12,6.52,7400000,100000000,50000000000,0,0,0,30,28,20,83,78,84
TRUE,"PIb99H4Rv4g",3,7,10,4,6,9,5000000,6000000,7000000,0.02,0.04,0.06,20,30,40,50,55,60
TRUE,"PwLYtBBlIdU",4,7,9,3.4,4.3,6.9,6300000,9400000,15600000,2304,3940,5240,45,53,83,84,80,70
TRUE,"PWeAPCbKE0n",0,1,2,3.1,3.5,4,10000000,50000000,250000000,0.03,0.02,0,55,60,68,85,82,75
TRUE,"PoXfHuaqm90",0,0,1,3.8,5,8,50000000,75000000,500000000,0.25,0.02,0.0001,35,40,45,88,87,88
TRUE,"P51iEV59ge2",2,5,20,3,3.5,3.8,5000000,7000000,10000000,0.01,0.05,0.05,30,25,20,30,40,50
TRUE,"P0BvNGszIQa",10,15,30,3.5,4.2,7,50,110,300,22,32,125,27,33,45,88,85,75
TRUE,"Po2wUSJzgGV",10,17,35,3.5,4.5,6.25,110000000000,200000000000,1000000000000,0.03,0.03,0.02,30,28,22,85,81,71
TRUE,"P0DKx3BNQLw",0,0,1,5,7,5,100000000,200000000000,1000,0.02,0.007,0.0001,20,15,45,80,70,88
TRUE,"P7pQJVDUCBm",0,0,0,3,3.2,3.5,55000000,100000000,250000000,0.02,0.01,0.001,65,70,75,90,90,90
TRUE,"PZAMTP8Va3i",0,0,1,3,5,20,150000000000,200000000000,250000000000,0.02,0.009,0.0003,30,25,30,81,75,65
TRUE,"PCUNo0jI2yi",3,5,8,11,12,15,1000000000,80000000000,120000000000,0.03,0.028,0.025,38,30,25,83,80,78
TRUE,"Pns823zNpEm",0,1,2,5,10.2,20.1,4.8,5,15,160000,175000,190000,49,52,69,85,92,96
TRUE,"PFIbgztqAUg",0.001,0.01,1,3,10,30,20,50,200,0.01,0.001,0.001,35,45,30,85,82,75
TRUE,"PdTErp089wB",3,8,14,5,9,13,12000000000,18000000000,40000000000,0.01,0.01,0.01,62,52,38,35,28,18
TRUE,"P55EtOviLcv",0,0,0,3,3,4,6000000,5000000,10000000,0.03,0.02,0.01,30,25,25,82,78,82
TRUE,"P4dMaH8wQnr",0.1,1,2,3.2,4,4.5,20000000000,200000000000,300000000000,0.015,0.006,0.001,33,30,25,87,90,88
TRUE,"PiUmeczZTqa",2,5,10,2,3,3,1000000,1000000,1000000,1,60,50,30,40,50,40,50,50
TRUE,"PpWEjGNqmSy",0,1,2,5,7,10,78000,27200000,1000000000,0.01,0.001,0.0001,40,35,30,84,82,80
TRUE,"POpqx30D0SP",60,50,50,3,6,8,19000,23000,27000,14000,20000,25000,50,60,70,25,25,50
TRUE,"PQQKAsNWko8",0.2,0.6,0.75,3.1,3.35,3.3,2000000,800000,300000,0.01,0,0,65,57,43,91,89,90
TRUE,"P7m1zbFUJRe",5,15,25,20,25,30,85000000,140000000,220000000,185,90,60,20,20,20,60,50,40
TRUE,"PYxcgDv9Fwx",4,7,11,3.4,5.7,8.9,240000000,7500000000,27000000000,0.06,0.05,0.01,23,29,36,76,80,89
TRUE,"PUsPuXxXTge",1,3,7,4,7,10,200000000,100000000000,500000000000,0.03,0.02,0,40,33,20,84,80,85
TRUE,"PuMtzFMNjku",2,4,6,3.5,5,10,2000000,800000,400000,0.4,0.3,0.2,44,50,45,60,65,70
TRUE,"Pj4y5ajBKY0",0,0,1,5,8,10,100000000,100000000,150000000,0.01,0.0025,0.0005,35,30,20,80,78,85
TRUE,"Pdj72AU2SgT",0,0,1,3.5,4.5,8,35000000,100000000,500000000,0.01,0.001,0.00005,30,25,22,86,85,83
TRUE,"PpLNsKTS7im",0,2,3,5,8,15,5000000,3000000,3000000,18,20,25,40,45,45,80,75,68
TRUE,"PgUt4xY0psJ",0.04,0.26,0.5,3.7,4.5,40.4,15,28,44,8.5,10,14,35,39,47,38,31,26
TRUE,"PG39eJjRnZw",1,2,4,3.1,3.75,6,50000000,70000000,100000000,0.01,0,0,25,20,10,80,60,75
TRUE,"PlO2nEzlDFn",1,2,3,3.3,4.5,5.3,3000000,1000000,500000,0.01,0.005,0.0005,30,25,20,80,77,75
TRUE,"P3r2uTwzoCU",4,10,8,15,20,35,6,12,14,0.05,0.04,0.02,30,45,60,90,80,60
TRUE,"P8G8AWvVGVJ",7,11,116,3.7,3.9,4,160000000,165000000,171000000,NA,NA,NA,40,57,65,82,86,89
TRUE,"Pspv2RqHWPv",0,0,0,4,5,8,150000000000000,130000000000000,80000000000000,0.2,0.05,0.04,37,43,56,81,79,91
TRUE,"PWGEhbgMVb3",0,0,1,0,0,0,500000,750000,2000000000,0,0,0,20,25,60,30,45,80
TRUE,"PsSkpNiXB5x",0,1,1,3.08,3.18,3.45,150000000,200000000,280000000,0.022,0.018,0.011,28,22,15,84,92,86
TRUE,"PVWEeAGa8CH",0,1,3,3.6,5.1,7.4,399999999999999966445568,3999999999999999932891136,500000000000000006643777536,0.1,0.01,0.001,33,39,43,83,79,75
TRUE,"PfSyPMmGlZM",0,0,1,3.4,4.6,8.6,50000000,100000000,500000000,0.005,0.002,0.0001,30,25,15,81,76,65
TRUE,"PvUdANtXhmR",2,3,5,4.7,6.4,8.5,30000000000,52000000000,120000000000,0.01,0.01,0,37,43,60,56,44,36
TRUE,"PGcfJuStZIM",0,0,1,3.05,3.12,4,5000000,4000000,4000000,0.01,0.008,0.001,25,15,15,85,83,90
TRUE,"PT1JHzGsqYm",55,45,20,50,60,70,NA,NA,NA,50,20,10,50,40,20,35,45,60
TRUE,"P4FpNc4qFar",1,2,4,12,13,15,200000000000,20000000000,200000000,10000,12000,15000,18,12,10,88,65,34
TRUE,"PiiUvn24MT1",0,0,0,3.5,4,5,80000000,150000000,180000000,0.02,0.01,0.001,30,35,25,85,86,82
TRUE,"Pu0qkcoRyHY",0,0,1,4,8,12,5000000,10000000,15000000,0.03,0.01,0.01,43,42,50,39,41,44
TRUE,"P91QEqjhcZS",0,0,0,4,5,7,40000000,50000000,60000000,0.03,0.03,0.03,48,55,65,70,65,70
TRUE,"PgBxLEbDe0S",0,1,4,3.2,4,7,20000000000,24000000000,40000000000,3,2,0.3,32,27,18,80,78,82
TRUE,"PdiiQ4M9J5s",0,0,1,3.01,3.5,2.8,200000000000,500000000000,500000000000,0.02,0.01,0.01,55,50,55,86,85,83
TRUE,"PVWYTLkhw8t",2,4,30,25,30,45,20000000,35000000,40000000,0.3,0.25,0.1,2,3,4,20,35,50
TRUE,"PbOYlj3R74w",0,0,0,0.11,15,5,5000000,1000000,0,0.02,0.01,0.001,80,85,90,55,70,85
TRUE,"PXTe7Ke9X8N",0.3,1,3,3.5,4,6,6000000,8000000,4000000,0.02,0.01,0.01,30,35,10,83,85,75
TRUE,"Pj46o0WZGML",0,1,3,3.5,5,13,20000000,200000000,800000000,700,500,200,35,45,60,80,75,60
TRUE,"PUw1vCkEbdO",0,0.75,1.5,3,3.15,2.9,20000000,50000000,150000000,0.005,0.001,0.0001,29,25,15,85,88,85
TRUE,"PV6alBlyXyh",1,2,3,7.5,8.9,18,20000000000,30000000000,400000000,0.03,0.01,0.001,33,36,20,75,70,60
TRUE,"PWBlD83IXzc",0,1,3,1,3,7,25000000,40000000,75000000,0.13,0.06,0.01,40,50,60,60,65,70
TRUE,"PM7YCHjaQ6z",0,0,0,3,4,7,3000000,5000000,3000000,0.02,0.01,0.005,35,30,20,80,75,75
TRUE,"PNmydPL6XeZ",0,0,1,3.5,5,7,11000000,12000000,15000000,0.03,0.01,0.01,32,30,20,85,82,75
TRUE,"PcDodlXisuH",0,0,2,4,6.5,20,10000000,15000000,18000000,0.05,0.06,0.03,35,36,22,85,88,92
TRUE,"Pov1ebYBMOU",0,2,4,3.02,3.85,10,8000000,30000000,100000000,0.2,0.1,0.01,35,30,22,87,89,88
TRUE,"PonW3lOpcCy",0,0,2,4,15,30,10000000000,20000000000,100000000000,0.03,0.02,0.01,40,45,50,80,80,80
TRUE,"PduNwZqpLoY",0,0,0,50,50,75,25000000000,30000000000,80000000000,0.02,0.02,0.01,20,10,25,10,10,5
TRUE,"PYPfxFnbSrv",0,1,2,3,2.8,2.7,10000000000,20000000000,30000000000,0.02,0.01,0.005,35,40,50,91,91,91
TRUE,"PMe8OPck68b",1,1,1,3.6,3.9,6.9,30000000000,200000000000,400000000000,0.01,0,0,30,29,10,50,45,40
TRUE,"Pp6mt4GpH96",0,1,2,3.3,4.2,7.5,30000000000,300000000000,1500000000000,0.02,0.015,0.01,46,43,35,93,88,91
TRUE,"PpZm9xZSfXI",1,5,10,3,3,3,20000000000,50000000000,200000000000,500,300,200,30,40,50,85,83,81
TRUE,"PPCevaWvmv5",0,1,2,3.1,4,5,5000000,7000000,10000000,0.04,0.04,1,53,57,60,85,83,80
TRUE,"PRlEc5osllQ",0,1,1,3,3.2,3.5,4800000,6000000,5000000,0.02,0.01,0.0089,48,45,51,88,87,86
TRUE,"P6yHFyeXeZy",0,0,0,2.9,6,15,20000000000,200000000000,20000000000,0.3,0.2,0.1,33,35,37,85,83,90
TRUE,"P8VZdzuuT2p",1,2,1,4,4.5,5,170000000,230000000,280000000,0.04,0.07,1,30,25,20,50,50,50
TRUE,"PeT0WiiAZUl",0.01,0.01,0.02,3,2.5,1.5,20000000000,15000000000,10000000000,0.03,0.02,0.01,55,60,75,82,81,92
TRUE,"PpRjHzWG7d0",2,1,3,35,40,45,100000,150000,200000,18,25,40,30,25,20,80,85,70
TRUE,"PJ3m9uFK9N5",1,2,4,4.5,5.8,10,75000000000,220000000000,1000000000000,0.01,0.005,0.001,34,39,42,84,82,78
TRUE,"PCxTZNHBFsx",0,1,2,12,13,16,4500000,3000000,2900000,0.05,0.03,0.01,50,65,30,36,31,26
TRUE,"PdfXVwSypvz",0,5,10,5,10,15,80000000,120000000,200000000,880,400,250,25,15,5,70,60,50
TRUE,"P47C0i6e3QU",3,8,19,20,28,40,1000000,3000000,50000000,200000,300000,1000000,5,10,25,50,48,38
TRUE,"PPnI11TNSdc",0.01,0.05,0.1,3.5,3.8,5,13000000,25000000,40000000,0.25,0.24,0.15,26,25,23,72,75,89
TRUE,"P1OPPtCUnVy",0,1,2,2.9,3.2,5.1,300000000000000008388608,499999999999999991611392,49999999999999993792430080,14,20,30,33,25,15,84,82,86
TRUE,"PP9yRoGtIfj",0,1,2,12,15,25,20000000000,22000000000,35000000000,0.01,0.008,0.004,30,25,15,42,48,58
TRUE,"PJtE6mcNxCj",2,7,18,4.5,6.8,30,55000000,250000000,1000000000,3,3,1,44,67,90,80,66,22
TRUE,"Pvebd7L4Vk2",0,0,0,4,5,7.5,5,8,30,0.025,0.02,0.001,35,33,25,91,92,91
TRUE,"PrPCyZp7fkl",0,1,2,2.6,4.7,7.7,6000000000,17000000000,45000000000,0.018,0.01,0.003,38,41,29,83,82,78
TRUE,"PdyDDKFNjSw",1,2,3,3.07,3.8,4.2,185000000000,200000000000,250000000000,0.2,0.4,0.8,51,54,58,76,78,82
TRUE,"PPjmKYbkQe2",2,7,13,3.4,3.9,5.88,25.3,29.1,44.9,19,20.5,29.2,30,27,24,83,80,76
TRUE,"PhL4Fxfwjkj",0,0,0,15,18,20,100000000000,275000000000,980000000000,950,500,250,30,40,65,80,82,87
TRUE,"PFNtS9FNk73",1,5,10,4,6,8,200000000,1000000000,5000000000,0.03,0.01,0.005,20,35,30,70,60,50
TRUE,"PYVARDjDafq",500,500,620,5.7,5.3,4.7,4600000,200000000000,200000000000,0.1,0.01,0.000001,33,38,43,84,78,68
TRUE,"PZk9lx0pOnk",5,7,9,3.6,4.3,9.7,215000000000,230000000000,275000000000,13,11,10,48,61,72,76,81,93
TRUE,"P80EKmlrlyF",2,10,30,3.29,5.1,7,10000000,20000000,200000000000,50000000000,100000000000,500000000000,37,48,53,79,92,97
TRUE,"PNOQohWXQpx",0,0,1,4,8.5,21.5,100000000,500000000,2000000000,0.03,0.025,0.01,33,42,10,85,82,95
TRUE,"PrHY1Pl3Qea",0,1,2,3,2.85,2.5,4.3,3.5,3000000,0.3,0.4,0.5,55,60,65,83,78,74
TRUE,"PsNdU2ixPgi",0,0,0.01,3.3,4,7,5000000,6000000,8000000,0.015,0.012,0.01,33,25,17,86,86,86
TRUE,"Ptv4OvsRrRM",0,0,1,3.4,3.8,6.1,30000000,200000000,2000000000,0.015,0.04,0.001,35,41,28,85,83,84
TRUE,"POUYckrocsT",0,0,0.1,3.6,4.5,7.5,20000000,200000000000,300000000000,0.72,0.36,0.03,34,37,40,83,79,86
TRUE,"PxUOEMFirMl",0,0,2,4,6,6,8000000,10000000000,75000000000,0.02,0.008,0.01,55,65,30,85,82,95
TRUE,"PnDaw522OsP",0.3,1.2,1.4,5,10,15,5600000,7500000,15500000,11000,13000,15000,20,35,40,90,95,97
TRUE,"PAQXitHKCkb",0,0,2,3.2,5,11,20000000,40000000,110000000,1.5,1,0.5,40,38,32,0,0,0
TRUE,"P4ToEBMNbpT",0,0,1,3.5,5,15,25000000000,50000000000,1000000000000,0.04,10,0.03,40,35,25,72,75,80
TRUE,"PApvQr6bJw9",0,1,2,3,2.9,2.8,40000000,45000000,60000000,14,14.5,15,54,56,60,84,80,70
TRUE,"PUaWg8Bxz21",1,1,1,3.4,3.7,5.3,4800000,5000000,10000000,0.02,0.01,0.01,43,42,46,85,87,88
TRUE,"Pizg7Bo1u8K",1,1,1,5.2,11.08,21.1,70000000,90000000,120000000,0.01,0.001,0.00001,34,35,37,85,84,80
TRUE,"PSfoxPsAQ5k",5,4,4,10,30,60,1000000000,5000000000,10000000000,10,5,2,40,15,20,NA,NA,NA
TRUE,"P0tPTP4x00v",0,1,3,3.2,3.9,5.75,40000000,75000000,300000000,0.03,0.025,0.015,34,35,48,87,85,82
TRUE,"PUOzUAUoIrD",1,3,5,4,6,15,30000000,45000000,70000000,0.5,0.3,0.2,35,45,60,50,55,45
TRUE,"PfzWtwPo4Nk",1,1,5,3.3,5,5.5,60,150,300,0.02,0.02,0.01,33,40,60,85,84,78
TRUE,"PzO59nrjL0b",0,0,1,3.5,4.8,6,5000000,10000000,50000000,0.03,0.02,0.01,35,30,15,87,85,86
TRUE,"P9G5Nsqt0wt",0,0,0,4,7,12,100000000000,300000000000,800000000000,0.03,0.01,0.01,62,55,40,86,90,93
TRUE,"P5leRX5GxgY",1,2,4,4,6,10,50000000000,200000000000,150000000000,0.3,0.2,0.2,58,65,70,81,78,75
TRUE,"P6mt41LgKCq",0,0,2,3.5,4.5,7,10000000,15000000,20000000,0.03,0.02,0.01,34,30,40,84,79,74
TRUE,"PU7t4ACvZYH",1,2,5,3.5,5,15,7000000000,50000000000,200000000000,150000,200000,300000,40,50,70,78,70,65
TRUE,"PW6MZDSGgUt",0,0,0,3.35,5.07,8,6,10,15,0.03,0.02,0.01,40,35,26,80,75,68
TRUE,"PBP0jyZl8dL",1,2,3,3.4,5,10,40,20,5,0.01,0.001,0.0001,50,60,40,85,84,82
TRUE,"Pm2gfxLr6jR",1,4,10,3.02,4,5,10,15,12,0.1,0.01,0.00001,58,55,37,87,89,91
TRUE,"Peh2uqLiBWf",0,1,3,3.5,6,10,5000000,4000000,2000000,0.02,0.001,0.00001,35,20,10,20,15,8
TRUE,"PXqGWSxUXUO",0,0.1,0.5,3.5,4,4,2200000,1000000,200000,0.1,0.001,0.0001,35,40,30,80,75,95
TRUE,"PjOMncdM9Cy",3,5,10,5,8,18,50000000,70000000,200000000,700,500,250,48,40,30,88,90,89
TRUE,"PrW9ghLEuh5",0,1,3,3.6,3.7,4.2,40000000,38000000,36000000,0.02,0.01,0.008,30,35,39,89,87,86
TRUE,"Pc7S9GQytQV",0,1,2,5,10,20,500000000,8000000000,20000000000,0,0,0,30,25,20,75,80,85
TRUE,"Pc79rcojNV0",0.003,0.003,0.03,3,10,30,2999999999999999949668352,2999999999999999778178897805312,29999999999999997578456468848210478709710150838468107809328938113564672,4000000000000,10000000000000,30000000000000,44,50,55,75,50,50
TRUE,"Pzvnj39pW56",0,3,12,12,16,23,10000000000,20000000000,75000000000,3,3,3,36,42,58,36,32,28
TRUE,"Pl3htoWWyJN",0.3,0.1,0,8,9,11,5,3,2,5,3,1,50,30,20,10,15,20
TRUE,"PlwyHQCC0tO",1,1,2,3.2,3.6,4,7000000,10000000,20000000,0.02,0.01,0.005,34,36,38,84,84,83
TRUE,"PnCe91O6KKD",1,1,2,6.5,7.4,9,3000000,5500000,7000000,0.03,0.3,0.5,30,25,20,80,75,65
TRUE,"PcKcSuYZSFL",40,50,40,3,5,10,40000000,NA,NA,1,1,1,40,50,60,84,80,82
TRUE,"P5bFL6MscPG",1,2,5,4,7,20,4000000,5000000,10000000,0.03,0.02,0.005,46,52,47,85,80,75
TRUE,"PKiXMstmOmq",1,3,5,7,15,25,50000000,100000000,200000000,0.05,0.15,0.25,10,5,2,10,12,15
TRUE,"Pzwk6Ytthzh",0,1,2,3.15,4,10,20000000,50000000,100000000,0.001,0.0002,0.000005,48,43,40,90,88,80
TRUE,"P6SF1wvasYK",0,0,1,3.1,3.2,3.23,3500000,2000000,750000,1500,1000,500,33,37,34,86,85,83
TRUE,"PbkpYLBN0BX",1,1,1,3.5,4.5,6,1600000000,1700000000,1800000000,0.1,0.05,0.02,33,35,40,96,98,95
TRUE,"PpQ3yGUCPuz",1,3,5,4,5,6,10,20,35,0.01,0.0001,0.00001,47,52,57,95,95,95
TRUE,"PMwMR3OzZy4",0,0,2,3,2.8,1,100000000000000,300000000000000,10000000000000000,0.3,0.3,0.2,35,40,60,89,85,78
TRUE,"PjxXbkg074N",1,3,10,4,10,45,899999999999999958056960,5000000000000000452984832,499999999999999991611392,1450000,1440000,1400000,35,40,50,81,84,84
TRUE,"PfgcpKdXUUQ",1000000,2000000,50000000,12,25,55,100000,300000,900000,15,5,1,3,10,80,10,5,2
TRUE,"PASV25QLT4f",1,2,3,5,8,11,2999999999999999949668352,2999999999999999778178897805312,299999999999999990590098323753926656,2021,2121,2221,55,58,61,86,87,88
TRUE,"PuZdVVBv8tc",1,3,5,3,6,12,40000000,50000000,95000000,0.03,0.03,0.01,33,22,10,88,60,45
TRUE,"PSPwV4t9jvx",5,3,2,5,6,15,45000000,50000000,70000000,0.05,0.03,0.01,30,25,10,80,85,90
TRUE,"PWjACA9YHuN",0,1,2,3.08,3.12,3.2,4000000,4500000,6000000,0.02,0,0,35,30,25,84,86,88
TRUE,"PB6IXDlIQUz",1,1,1,3.08,4.4,8,10000000,15000000,50000000,3,2,1,42,48,50,80,82,90
TRUE,"P4V78EQ8CUm",0,1,5,3,2.5,2,150000000000,200000000000,300000000000,0.02,0.01,0.005,50,40,30,80,70,75
TRUE,"P7Xw8fDrVzZ",1,2,3,15,20,30,20000000,30000000,45000000,100,120,150,25,20,5,20,40,65
TRUE,"PPebVkRuOMU",0,0,1,8.9,12,18,110000000000,160000000000,200000000000,0.01,0.01,0.01,50,50,25,60,55,60
TRUE,"PY7HOlTvByM",1,0,0,3.1,3.9,4.6,20,27,30,14,16,20,38,45,53,79,72,60
TRUE,"Pv2PJIDmzbi",2,3,5,3.04,3.06,3.05,10,20,30,0.3,0.2,0.1,58,60,65,83,80,77
TRUE,"PzlqRdsHWN4",10,25,50,3.05,3.2,4,200000000000,400000000000,600000000000,17,20,30,31,25,15,84,82,80
TRUE,"POwX2LPx2pj",2,4,5,20,25,40,150000000,450000000,1000000000000,10,12,15,53,40,25,25,30,35
TRUE,"PigRGwrg4dh",0.2,0.5,2,3,2.5,2,3.5,3,2.5,2,4,5,1,2,4,65,63,55
TRUE,"PL0SkuvXK2f",0,1,2,3.25,4.1,5.3,22,26,34,0.1,0.06,0.03,31,29,20,77,80,84
TRUE,"P7omHY3ct0n",0,1,2,2.5,3,4,60000000,100000000,200000000,0.03,0.03,0.02,40,60,40,75,80,85
TRUE,"PIhwuBSzSNx",0,2,7,10.5,12.5,16,2500000,5000000,4000000000,0.03,0.02,0.01,51,55,53,86,84,82
TRUE,"PdXrlvslrqe",0,0,1,3.04,3.5,5.21,25000000,80000000,10000000000,0.01,0.005,0.0003,54,49,38,81,84,69
TRUE,"PTmLNPammOX",1,3,5,3,3,3,5000000,10000000,30000000,0.1,0.1,0.1,25,30,35,90,90,90
TRUE,"PhUdns6O9Fp",0,0,0,3.5,5,5.75,20000000000,75000000000,200000000000,0.03,0.025,0.02,33,30,27,85,83,80
TRUE,"PhuEnQRJ1qi",0,1,4,3,2,0.5,25000000000,30000000000,35000000000,0.01,0.001,0.00001,20,15,6,79,80,87
TRUE,"PY3FL516EZq",1,4,11,12,20,50,4000000,10000000,8000000,0.2,0.1,0.01,30,23,15,75,77,89
TRUE,"PkDToTW3b7V",0,0,1,401,565,682,15000000000,25000000000,35000000000,2,5,1,32,25,19,76,72,88
TRUE,"PWg6PWPjw1F",1,2,4,3.1,3.5,4,40000000,50000000,100000000,15,20,35,45,43,40,85,87,87
TRUE,"P0ny1TCAvKB",0,0,0,6.5,13,25,150000000000,300000000000,1000000000000,0.01,0,0,40,50,60,89,80,75
TRUE,"PNl5wL64TFX",2,10,30,3.4,4,5.3,250000000,500000000,1000000000,0.01,0.05,0.023,23,37,41,85,93,87
TRUE,"Pelrn5FZLse",0,0,1,2.85,2.5,1.8,640000000,200000000000,250000000000,0.0002,0.000004,0.000001,52,48,38,82,80,90
TRUE,"PMKzBhSlDS4",0,0,0.1,3.3,3.8,5,20000000,40000000,70000000,0.01,0.005,0.001,30,25,20,84,78,75
TRUE,"Pk239z0fB5X",2,10,30,5.5,6,7,10000000,100000000,500000000,3,0.8,0.3,32,36,38,84,86,88
TRUE,"PrkDZuA2BNZ",1,3,4,3,2.8,2.5,4.5,3.8,3000000,0,0,0,32,28,10,83,85,88
TRUE,"P1B7umIbdbx",1,3,9,5,7,18,15000000000,60000000000,500000000000,2,1,0.005,47,53,50,80,60,50
TRUE,"PVosmGZv9pj",0,1,2,3.5,5,6,50000000,120000000,200000000,3,3,2,33,30,25,88,86,90
TRUE,"PTiazmklLak",0.5,0.5,0.1,6,8,15,8,80,80,0.01,0.01,0.01,53,55,25,80,85,90
TRUE,"PPOlG9fxwDP",0,0,1,4.2,5.1,8.7,200000000000,400000000000,1600000000000,0.02,0.01,0.002,35,40,50,82,80,70
TRUE,"Pga0JPs25H2",0,1,1,5,10,20,3000000,1.5,500000,0.01,0.01,0.01,34,30,25,85,86,85
TRUE,"P849mqKynDs",0,0,1,4.2,6.8,12.9,47000000,129000000,446500000,0.025,0.018,0.002,30,27,46,75,70,79
TRUE,"PezBnBVZmzw",1,1,2,2.9,3.1,3.3,400000000000000019058917376,500000000000000006643777536,2999999999999999778178897805312,0.03,0.01,0.005,35,30,25,88,87,86
TRUE,"PONFw0xdZo7",0,0,0,3.5,5,7,10000000,12000000,14000000,0.02,0.02,0.01,37,48,43,86,84,86
TRUE,"P98IG8qbTIO",1,3,10,10,18,30,100000,500000,1000000,10000,8000,1000,25,35,48,15,20,8
TRUE,"PiBELvmz2z3",0,0,2,3,2.8,2.2,17000000,25000000,40000000,17,22,38,43,50,65,90,90,90
TRUE,"PMNB4FmJgGC",0,0,1,4,5.5,7,5000000,7500000,15000000,0.03,0.02,0.01,45,40,30,80,78,78
TRUE,"PZ1ninjJMzo",0.01,0.02,0.04,3.8,5,9,200000000000,220000000000,180000000000,0.01,0.025,0.001,30,45,60,80,75,65
TRUE,"PM918M1uq2d",1,2,2,25,28,30,5000000,7000000,9000000,0.03,0.02,0.01,30,25,25,85,82,80
TRUE,"PzzQCluHShQ",0,0,1,2.8,2.5,1.8,91,182,500,0.3,0.5,0.7,35,45,55,82,78,70
TRUE,"PNS85pQ4X2C",0,1,5,5,12,25,40000000,60000000,150000000,20,30,50,35,35,20,90,90,90
TRUE,"PRBR0cx4uT2",0,0,1,3,4.3,9,40000000,150000000,750000000,0.02,0.01,0,54,58,46,82,78,72
TRUE,"PSsTvG5YCAS",0.01,0.005,0.007,5,10,40,10000000000,50000000000,100000000000,0.02,0.01,0.05,35,45,60,80,75,60
TRUE,"PK5qK5KS8kA",1,1,2,10,20,30,50000000,100000000,1000000000,0.02,0.01,0.001,55,60,75,85,84,80
TRUE,"PloaH2SSIhf",1,5,10,3,4,10,4000000,3750000,3000000,0.03,0.02,0.02,35,38,55,85,89,94
TRUE,"PVSKpCkExL0",0,0,0,3.1,3.4,4.2,6000000,4000000,4000000,0.02,0.01,0.005,31,26,15,82,85,90
TRUE,"PbWib0O2fTq",0,0,2,4,5,8,40,80,200,0.01,0.001,0.00001,30,20,10,86,84,80
TRUE,"PGB68Rs9d9y",2,4,7,5,7.5,15,100000000000,130000000000,80000000000,0.3,0.02,0.01,35,38,45,15,12,8
TRUE,"P35TgXdm2Lz",0,0,1,3.5,4.5,8,100000000,200000000,500000000,0.06,0.05,0.09,35,32,20,80,78,85
TRUE,"P5gINAmxjmu",2,3,5,12,15,20,200,400,800,1500,2352,3532,34,46,73,7,23,45
TRUE,"PZM580b9bs7",1,7,27,3.29,3.29,3.29,15000000,15000000,15000000,0.006,0.001,0.0005,33,33,33,95,95,95
TRUE,"P6QlZ1K0b7e",3,4,5,3.2,3.3,3.5,40,50,60,14.2,14.1,14,40,38,35,83,85,86
TRUE,"PewCd1TYTl6",0,0,1,3.02,5,7,4600000,5000000,6000000,0.2,0.1,0.05,33,35,40,85,83,80
TRUE,"PHvfvu1xLgK",0,0,0.5,3.7,4.5,5.5,40000000,45000000,55000000,0.03,0.02,0.01,33,34,35,85,84,80
TRUE,"PAcqC2HHaqX",0,1,10,2.8,8,20,100000000,10000000000,1000000000000,0.02,0.0002,0.0000002,28,40,30,82,88,95
TRUE,"PVpsBfQGDx0",0,0,0,16,26,34,4600000,5200000,8400000,0.4,0.3,0.1,33,45,50,80,70,80
TRUE,"PaSR5AiUZfQ",3,6,15,9.5,13.5,18.9,250000000000,350000000000,550000000000,1400,1800,2800,48,42,38,55,65,75
TRUE,"PGzpaFdmFrn",2,10,30,8,10,20,15,26,47,0.003,0.00003,0.000000000001,35,42,55,80,72,60
TRUE,"PvEVUVXwe8v",0.3,1,1,3.07,5,8.8,200000000,2000000000,200000000000,0.03,0.01,0.009,35,45,60,85,87,89
TRUE,"PHj4cdtWjbe",0.1,0.2,0.4,3.29,4.44,6.1,10000000,60000000,100000000,0.03,0.03,0.01,36,38,42,80,86,76
TRUE,"PCq1b7N7SoY",1,3,5,5,10,25,40000000,60000000,85000000,0.02,0.01,0.01,55,65,75,85,80,75
TRUE,"PfMktC80jHN",1,5,12,3.02,2.9,2.8,15000000,35000000,75000000,0.02,0.01,0.01,35,46,67,43,40,22
TRUE,"PGIuyquCqg2",0,0,1,4.2,6.4,9,500000000,10000000000,50000000000,0.02,0.01,0.01,35,40,40,38,42,49
TRUE,"PzyuMiWY4Jq",0,0,1,5,7,10,7000000,35000000,45000000,0.009,0.003,0.0009,35,45,30,82,80,70
TRUE,"PRHEjWp63MD",0,1,1,3.8,3.9,4,5000000,10000000,20000000,10,8,6,40,45,60,70,68,60
TRUE,"PAxSjato1xK",0.5,1,2,3,5,10,15000000,200000000000,200000000000000,0.01,0.01,0.001,30,25,20,84,82,75
TRUE,"PQrzduCnl8H",0.1,0.5,0.5,3,3.2,3,80000000,50000000,35000000,0.02,0.5,1,50,50,40,75,60,40
TRUE,"P5kUmCxDC1h",0.05,0.05,0.1,3.02,3.25,4.55,25000000,22000000,20000000,0.02,0.01,0.005,34,38,32,50,50.5,51.5
TRUE,"P1RDHxomVYE",0,0,1,25,45,67,150000000,1000000000,50000000000,4,7.5,10,43,49,50,45,51,65
TRUE,"PINmlbwkrOe",0,0,0,3.5,4,3,12000000,40000000,80000000,0.02,0.001,0.00001,30,20,40,88,88,82
TRUE,"PMaQQX8GD9q",0,0.3,1,3.8,5,10,25000000000,200000000000,400000000000,0.05,0.02,0.01,35,30,25,85,87,86
TRUE,"PnEgBM0rrux",0,1,3,3.2,3.7,5,1000000000,5000000000,50000000000,0.01,0.005,0.002,75,80,75,85,94,90
TRUE,"PMdeUrwfM44",30,25,20,3,3.4,5,200000000000,300000000000,1000000000000,0.01,0.005,0.005,30,25,10,90,95,95
TRUE,"PpZsji3qrTS",0,0,2,7,11,21,6000000,12000000,21000000,12,14,18,3,9,14,78,74,71
TRUE,"Pp5GE31PfhI",15,20,25,5,7,11,10000000,13000000,15000000,3,8,9,6,10,12,6,8,10
TRUE,"PhYQIb4XzOA",0,0,1,3.1,3.7,3.9,20000000000,200000000000,1000000000000,0.03,0.02,0.01,37,50,57,80,74,69
TRUE,"PWgpknKoS8L",1,1,2,3.25,4.15,6.32,4.8,5.8,12.9,0.02,0.01,0.01,33,28,18,85,80,69
TRUE,"PPYSQLBCrS7",0,0,1,3.1,3.56,6.34,38000000,430000000,510000000,0.05,0.03,0.01,30,25,18,80,76,69
TRUE,"P95S2Bfl4FS",0.02,0.01,0.01,3.5,3.6,4.3,15000000000,200000000000,300000000000,0.03,0.01,0.01,55,52,48,82,85,85
TRUE,"P7BTKYgoEn2",1,5,10,3.5,4,6,150,60,30,0.01,0.005,0.001,45,46,45,84,80,79
TRUE,"PtWhGuZlYGx",0,0,1,3.4,4,5.5,10,10,12,0.009,0.005,0.0008,30,28,25,92,90,90
TRUE,"PGirSmcR7br",0,0,1,15,20,40,10000000,25000000,100000000,0.01,0.005,0.001,53,55,60,60,60,60
TRUE,"P4UwLl2wr2k",1,2,4,3.5,7,25,200000000000,240000000000,350000000000,800000,700000,200000,40,35,20,20,22,24
TRUE,"PD7RgfjyyI6",0,0,3,3,6.5,35,6000000,15000000,90000000,0.03,0.008,0.0000000000001,53,58,80,82,77,90
TRUE,"Pf1gY1yTK52",0.5,1.5,5,3.3,3.6,5,0.6,1000000000,5000000000,0.003,0.001,0.00001,40,49,55,65,60,50
TRUE,"PvsYd9YDYku",0.001,0.005,0.01,4,5.5,10,25000000,50000000,10000000000,0.01,0.01,0.01,32,29,26,85,82,83
TRUE,"Pce0g3WPqHT",0,0,1,4.3,5.1,6,100000000000,200000000000,300000000000,0.03,0.02,0.01,55,60,65,84,80,73
TRUE,"PmuAYNBTtsB",1,5,10,4.5,6.5,10,5500000,7000000,16000000,0.02,0.01,0,45,40,30,85,88,92
TRUE,"PyRdIFnPE8y",0,0,1,3.1,3.5,4,15000000,25000000,35000000,0.02,0.01,0.005,34,36,25,88,86,85
TRUE,"PsdrRhvb1Du",0,1,3,5,10,30,3000000000000,5000000000000,10000000000000,5,3,1,33,25,10,30,30,20
TRUE,"Pew6tv2zzQO",0,0,0,3.2,3.9,4.8,100000000,200000000,500000000,0.01,0.001,0.0001,57,60,63,84,82,81
TRUE,"P3fnbgDMBVn",0,0,1,3.6,4.8,10,30,50,70,0.01,0.003,0.0001,31,28,12,80,75,80
TRUE,"P0bSwwIzhsR",0,1,2,3.4,4.6,8.2,1000000000,36000000000,200000000000,0.00000005,0.000000018,0.00000000000044,30,27,17,84,82,80
TRUE,"PgrlzMGGNsW",0,0,1,3.4,3.9,5,12,15,25,0.01,0.005,0.0001,46,40,35,88,88,90
TRUE,"PyETKBMBZ9t",0,0,1,3.01,3.09,3.18,5000000,6000000,12000000,0.025,0.022,0.02,34,43,53,92,90,94
TRUE,"PO1W0Dqi2Nk",0,0.01,0.01,4.2,5,6.5,15000000,240000000,35000000000,0.0075,0.001875,0.0000000001,30,2,54,84,86.5,90
TRUE,"PRFWyTfX6rA",5,5,10,40,45,60,15000000,50000000,100000000,0.03,0.03,0.01,40,50,55,50,45,40
TRUE,"PzEROqVPlJa",1,2,1,50,75,80,100,1000,1000,1,2,3,75,50,20,75,70,70
TRUE,"PxBmA2ImOCd",0,1,6,6,9,12,150000000000,300000000000,500000000000,1,4,7,35,38,44,NA,NA,NA
TRUE,"PSaYtnHnXrj",0,0,0,3.8,5.11,9,4600000,12600000,12600000,0.001,0.0001,100,35,30,18,84,89,86
TRUE,"P8NFjUiCaGn",0,1,1,6,10,14,30000000,1000000000,20000000000,0.05,0.03,0.01,40,22,19,75,88,92
TRUE,"PlcpCISuhXg",0.01,0.1,1,4,5,7,12000000,15000000,20000000,0.0002,0.000004,0.000000000007,30,20,5,84,89,92
TRUE,"P61hIJf7NIC",1,3,7,2.95,3.35,4.5,1000000000,2000000000,5000000000,22000,18000,12000,48,52,55,75,60,55
TRUE,"PrF4izfPZSs",1,1,1,3.1,4,7.5,12000000,20000000,40000000,0.02,0.01,0.01,35,40,50,84,83,80
TRUE,"Psp3J8DeFqz",0.4,1.2,2.1,3.88,5.4,8.5,17.3,40.7,77.5,0.02,0.005,0.001,54,61,49,81,82,86
TRUE,"PVrQfLnJ7cX",0,0,1,3,3,4,10000000,10000000,20000000,0.02,0.015,0.01,40,35,30,80,80,83
TRUE,"P5NJDrEZ8eh",2,5,12,4.03,10.5,26.5,15000000,32000000,74000000,1750,1200,900,53,65,75,87,84,90
TRUE,"P6fE2JvvrRM",0.1,0.5,2,3.2,3.8,8,60000000,300000000,2500000000,0.02,0.01,0.0001,60,40,20,78,62,42
TRUE,"PzD5sWZOadM",0,1,2,3.5,4,5,20,25,40,0.02,0.01,0.005,30,28,20,85,85,85
TRUE,"PRwNoTEod8G",0,1,2,5,7,10,7000000,15000000,45000000,0.03,0.01,0.005,53,54,60,82,60,20
TRUE,"Pi3GS2ktt2H",35,40,50,15,25,40,25000000000,50000000000,80000000000,0.02,0.01,0.0099,30,40,50,90,92,95
TRUE,"PJgHqwBi2Xu",0.05,5,30,3.09,5,30,35000000,45000000,100000000,0.01,0.005,0.0005,45,40,60,16,20,40
TRUE,"PFXnBLumyjq",0,0,1,3.6,4,6,50000000,100000000,300000000,0.03,0.02,0.01,40,50,60,84,82,75
TRUE,"Peo00AHtfnx",0,0,1,4.05,6,26,300000000,3000000000,12000000000,0.02,0.01,0,35,38,47,82,77,68
TRUE,"PiieEEHACyW",1,2,5,3.2,4,5,40,45,60,0.2,0.1,0.05,35,36,36.5,86,85,83
TRUE,"PBA5i64MmOZ",1,1,2,80,85,90,2000000,400000,600000,500,400,50,60,50,40,70,60,50
TRUE,"PuoPDCDeM96",0,5,10,3.2,5,8,5000000,10000000,15000000,0.01,0.01,0,50,55,60,82,80,75
TRUE,"P3YGCAJPCFA",4,8,20,12,15,20,1000000,10000000,20000000,3,5,8,60,50,30,70,80,80
TRUE,"PHxVhbKhqvm",0.001,0.001,0.01,3.55,4.2,5.8,15000000,300000000,20000000000,0.02,0.01,0.005,32,29,20,85,89,90
TRUE,"PEOMqt82fPB",0,2,5,4,6,10,6000000,10000000,15000000,0.1,0.05,0.001,50,55,65,85,87,89
TRUE,"PVjuG2FZBBg",0,2,5,5,8,16,1000000000,25000000000,100000000000,20,18,10,40,35,30,70,78,85
TRUE,"PKJhah3ZSvo",0,1,1,4.5,5,6.5,1500000000,200000000000,1000000000000,0.01,0.01,0.01,53,50,53,80,88,85
TRUE,"PyQ1nm0OscF",0,0,1,3.1,5.75,7,20000000000,30000000000,40000000000,0.02,0.015,0.01,33,40,35,90,86,88
TRUE,"PDsY8FABQWU",0,0,0,6,8,12,20000000000,100000000000,1000000000000,0.01,0.001,0.0001,29,30,30,88,91,90
TRUE,"PfT5iMseqi1",10,10,0.01,5,5,10,10,10,15,10,15,10,5,10,5,5,5,5
TRUE,"PfIy4wYFDq9",1,1,1,3,3,2.5,400000000,2000000000,2000000000,0.02,0.02,0.02,35,40,45,75,75,65
TRUE,"PBJDuJXejNI",0,0,1,3.6,5.3,22,50000000,200000000000,200000000000,0.003,0.0003,0.00000003,32,20,8,86,83,80
TRUE,"PunAPhXnhzX",0,0,0,3,6,4,154,300,300,0.01,0.005,0.001,28,17,10,50,40,25
TRUE,"P3zF3dhA0pL",0,1,3,3,5,10,70000000,150000000,1000000000000,0.05,0.001,0.0000001,35,40,60,80,65,60
TRUE,"PhRBubtEZI5",0,0,1,3.01,3.9,4.56,5000000,8000000,15000000,700,600,450,32,28,15,83,81,85
TRUE,"PqDqwJ845jn",1,3,1,60,70,80,20,30,50,0.8,1,1.2,10,15,40,56,60,80
TRUE,"PCoequ1tizF",1,2,5,3.2,4,7.5,50000000,100000000,500000000,600,500,400,35,55,45,83,80,86
TRUE,"PAv0MZqR0eM",0,0,1,4,5,8,10000000,200000000000,1000000000000,0.005,0.0001,0.00000001,40,75,90,85,83,78
TRUE,"PmxOzeNHPn6",0,0,0,3.1,3.5,4.5,100000000,20000000000,40000000000,0.01,0,0,50,45,42,82,76,80
TRUE,"P7CIRzrolWu",0.1,0.1,0.1,2.8,3.5,4,200000000000,100000000000,80000000000,0.35,0.3,0.2,38,40,30,80,75,80
TRUE,"PreIldCq881",0,0,1,3.07,3.14,3.21,189000000000,200000000000,230000000000,0.02,0.01,0.005,55,57,67,85,88,91
TRUE,"PCrsD4NtpMJ",0,0,1,4,5,10,4000000,6000000,15000000,0.02,0.01,0.005,43,33,5,86,88,94
TRUE,"PJcP9uQ0OHK",2,4,6,14,16,25,25000000,50000000,75000000,0.005,0.002,0.001,20,30,40,30,30,30
TRUE,"PasNngiWtLm",1,2,5,4,7,12,5000000,7000000,15000000,0.03,0.005,0.001,15,25,35,84,80,75
TRUE,"PGE1BT1KLfg",15,30,80,9,11,15,4400000000,18000000000,1200000000000,0,0,0,30,20,10,70,72,75
TRUE,"Pz0LrIWau7V",0,0,0,12,15,50,10000000000,2000000000000,4000000000000,80,10,1,45,50,75,75,75,75
TRUE,"PLUr38nfvsm",0,0,1,3.5,5,15,20000000,35000000,45000000,0.03,0.02,0.01,42,48,52,75,80,65
TRUE,"PKMwhAnjQsT",0,0,1,3.05,3.06,3.1,25000000,50000000,100000000,0.03,0.02,0.01,46,43,49,85,83,81
TRUE,"PcVrDwBEJAW",0,0,0,3.5,6,8,900000000,90000000000,584000000000,17.5,18.5,21,30,26,20,86,88,88
TRUE,"PAuUS3lBNMO",1,5,10,20,40,60,50000000000,200000000000,300000000000,0.03,0.02,0.01,45,35,20,80,60,50
TRUE,"Ph7hgeAcKeJ",0,0,0,3.6,4.8,5.07,10000000,15000000,50000000,0.05,0.03,0.01,50,44,40,84,83,83
TRUE,"PiQOLKNb5mQ",0,0,0,3,6,8,200000000000,200000000000,250000000000,0.001,0.0001,0.00000001,40,40,30,90,90,90
TRUE,"PxeyxatD502",0.001,0.02,0.05,3.13,5.12,8.19,10000000000,200000000000,500000000000,0.01,0.0001,0.00001,32,30,25,85,84,82
TRUE,"P7hGbwnLdGN",0,0,1,5,8,30,22000000000,35000000000,50000000000,0.5,0.4,0.1,30,35,50,82,78,65
TRUE,"PWgMpkTCwaB",5,10,15,5,8,20,10000000000,200000000000,1000000000000,20,24,35,10,30,50,88,90,94
TRUE,"PaVBc56tB6K",0,1,3,5,8,15,NA,NA,NA,1,0.01,0.001,50,70,90,83,75,60
TRUE,"PcwIEA0Nm2k",0,0,1,3.2,3.5,5,10000000,10000000,10000000,0.01,0.001,0.00001,33,33,33,86,85,83
TRUE,"POBORIBwp2r",NA,NA,NA,2.6,2.8,3.03,110000000,300000000,14000000000,20000000,30000000,1000000000,40,60,75,60,55,70
TRUE,"PQ9ZPt9EVhG",25,15,5,3.5,4.2,6,15000000000,25000000000,75000000000,10000000,13000000,20000000,45,40,35,48,36,45
TRUE,"P21O8B79abi",1,5,10,3.05,3.5,5,5000000,7000000,15000000,0.0048,0.00000786,0.0000000000000865,48,42,35,83,78,65
TRUE,"PMwPHSHdDSj",0,1,1,4,4.5,6,399999999999999966445568,499999999999999991611392,19999999999999997516972032,0.03,0.02,0.02,25,25,20,85,80,80
TRUE,"PiX09hmMLu5",0,1,2,2.99,3.04,3.29,5000000,10000000,20000000,0.03,0.02,0.01,38,46,59,94,92,90
TRUE,"PomJVPUeanA",1,3,10,20,30,50,0.5,1000000000,6000000000,1000000000,0.5,0.25,20,40,60,10,5,3
TRUE,"Pr3D5FOEN06",0,0,0,3.5,5,10,1000000000,200000000000,100000000000000,0.02,0.00001,0.0000001,35,37,40,87,85,84
TRUE,"P6aHFJzXWeD",0,0,1,3.3,5,10,50000000,250000000,1000000000,0.02,0.01,0.0001,45,30,10,85,80,95
TRUE,"PumzVqun6if",0,1,3,40,55,75,100000000,1000000000,20000000000,3,10,30,30,20,5,50,80,90
TRUE,"Pvi6EKz3Bgu",0,1,2,3.05,4,6,5000000,10000000,25000000,0.01,0,0,30,25,20,85,87,95
TRUE,"PZT6ic6C81k",0,0,1,3.2,3.5,3.7,1000000000,0.75,0.5,0.02,0.01,0.005,38,35,30,86,84,82
TRUE,"PsYDT3BlBFe",0,0,5,3.05,3.6,5,9,7,2,0.03,0.02,0.008,43,38,15,83,78,69
TRUE,"P4tnkPY5XdJ",0.05,0.2,0.5,3.5,6,8,1000000000,20000000000,200000000000,0.01,0.001,0.0001,40,35,30,85,80,80
TRUE,"Pr7vNYpxxi6",0,1,1,5,8,20,600000000000,500000000000,200000000000,100,10,1,40,50,80,70,60,55
TRUE,"P5XinO5xMpI",0,0,0,7,12,25,1000000,5000000,10000000,0.01,0.002,0.0001,33,30,30,85,82,85
TRUE,"Pvb5DJ5g7Ba",0,0,1,4.1,5.4,7.8,50000000,62000000,75000000,0.02,0.01,0.01,37,40,30,86,87,88
TRUE,"PQglMArswRZ",0,2,7,5,18,12,100000000,150000000,80000000,1000000,1100000,1300000,30,45,55,75,82,78
TRUE,"PFqxodhHIsn",0,1,2,3,3,5,20000000,20000000000,20000000000,0.02,0.01,0.075,50,70,30,85,85,85
TRUE,"PZwaRHr73wr",0,0,0,3.5,4,7,100000000,300000000,10000000000,0.01,0.0001,0.0000001,30,25,20,90,90,90
TRUE,"PkN7ltdyOU0",10,10,30,4,8,20,10000000,20000000000,200000000000,8400,8400,10000,35,45,50,42,40,40
TRUE,"PthGsg5cnfC",0,1,1,3.1,3.8,6.5,16500000000,80000000000,80000000000,0.01,0.005,0.005,45,37,37,85,79,78
TRUE,"PVgFMnkvzCL",0.05,0.05,0.06,3,4.5,6,5,7,8,0.01,0.005,0.001,32,30,28,84,83,87
TRUE,"PwrDLt8D876",0,0,1,5,12,16,2.5,25000000000,600000000000,0.01,0.005,0.00001,45,60,50,85,60,45
TRUE,"PkogxyiRsdv",0,0,0.5,3.05,3.6,5.2,50000000000,150000000000,300000000000,0.03,0.15,0.005,48,53,65,30,25,20
TRUE,"PIXDKZcntTB",0,1,1,4,5,6,2,4,8,0.05,0.1,1,35,40,55,80,75,60
TRUE,"Ppncxaa8Fe6",1000,5000,10000000,40,50,70,10000000,100000000,500000000,20,10,6,10,40,70,40,30,20
TRUE,"PI1ighZQeKQ",2,5,12,12,17,26,5000000,90000000,300000000,5,22,54,70,50,20,60,75,98
TRUE,"Px5jlFbWOHG",0,0,1,3.5,5,10,15000000,30000000,200000000,0.01,0.002,0.00001,31,35,40,92,89,88
TRUE,"Pd1zz9vnNmO",0,1,2,3,5,10,20000000000,200000000000,500000000000,1,2,8,33,25,10,85,80,85
TRUE,"P8gjHjJrKpp",0,0,1,3.5,4.2,4.6,5000000,6000000,10000000,0.005,0.002,0.0005,57,65,75,85,82,75
TRUE,"P2DkTqyg54x",1,3,6,3.5,3.8,5,5000000000,10000000000,5000000000,15,16,18,40,50,60,30,30,30
TRUE,"PN0pAUuAxIN",0,0,0,3,3,3,10000000000,10000000000,5000000000,0.08,0.04,0.01,52,56,48,88,87,86
TRUE,"PawWuGQCztp",1,1,2,8,15,35,100000000,100000000,100000000,0.02,0.01,0.01,30,60,80,40,30,25
TRUE,"Pk3ZpFvbsBL",2,6,10,4,6,15,40000000,100000000,1500000000,0.02,0.01,0,35,25,15,1,3,7
TRUE,"PTPTfzCjdER",0,0,1,3.1,4,5,15000000,45000000,65000000,0.2,0.09,0.05,40,30,20,80,85,90
TRUE,"P1lyU9dv37Z",0,0,1,3.4,4.1,6.2,10000000,7000000,1500000,0.3,0.15,0.01,32,26,14,85,82,75
TRUE,"Pdi3wrrFJFh",0,0,1,3,3.9,5.2,5520000,8000000,16000000,0.03,0.02,0.01,33,30,28,84,80,75
TRUE,"PHnjPpx8QpB",0,0,0,3.9,9.12,26.52,600000,18000000,100000000,0.1,0.04,0.001,33,30,39,86,88,92
TRUE,"P1P7xld51HN",0,0.5,1,3.5,4.5,8,30000000,70000000,200000000,0.5,0.9,1.5,34,40,45,85,86,87
TRUE,"Pp8htGBZ42V",0.000001,0.00001,0.001,10,12,20,399999999999999966445568,600000000000000016777216,5999999999999999899336704,0.02,0.02,0.01,32,30,25,82,78,65
TRUE,"PYsUoNKPyDP",1,2,3,3.4,4,6,4000000,3600000,2800000,0.03,0.01,0.005,33,28,20,91,90,92
